customer_id,gender,age,city,signup_date
C00001,F,59,Chennai,2023-06-06
C00002,,67,,2023-09-18
C00003,male,44,Mumbai,2023-03-18
C00004,,74,Mumbai,2023-09-14
C00005,,46,Mumbai,2023-05-11
C00006,Female,42,Hyderabad,2023-03-08
C00007,male,58,Mumbai,2023-08-16
C00008,male,55,,2023-06-12
C00009,male,77,,2023-01-15
C00010,,37,Bangalore,2023-08-20
C00011,F,62,Hyderabad,2023-07-14
C00012,male,46,,2023-12-15
C00013,,71,Chennai,2023-01-30
C00014,Female,47,Hyderabad,2023-12-25
C00015,F,38,Hyderabad,2023-12-04
C00016,Female,53,,2023-11-27
C00017,F,48,Chennai,2023-11-12
C00018,,70,Bangalore,2023-10-23
C00019,Male,42,,2023-11-26
C00020,F,51,Chennai,2023-08-08
C00021,Female,21,Hyderabad,2023-05-27
C00022,,51,Chennai,2023-09-16
C00023,F,70,Hyderabad,2023-10-19
C00024,Male,79,,2023-10-26
C00025,Male,79,,2023-05-23
C00026,male,61,Mumbai,2023-08-23
C00027,male,34,Mumbai,2023-04-25
C00028,Female,33,Mumbai,2023-12-31
C00029,F,43,,2023-03-31
C00030,F,74,Bangalore,2023-07-27
C00031,male,32,,2023-06-13
C00032,F,49,Chennai,2023-03-25
C00033,F,57,,2023-03-18
C00034,Male,25,,2023-06-10
C00035,male,63,Hyderabad,2023-01-05
C00036,,52,Hyderabad,2023-03-19
C00037,male,78,Hyderabad,2023-04-01
C00038,,22,,2023-03-28
C00039,Male,48,Bangalore,2023-09-27
C00040,Female,62,Chennai,2023-04-14
C00041,F,70,Chennai,2023-12-05
C00042,Male,79,Bangalore,2023-06-24
C00043,F,45,Bangalore,2023-02-23
C00044,Female,18,Chennai,2023-07-30
C00045,Female,64,Mumbai,2023-04-05
C00046,Male,44,Hyderabad,2023-08-11
C00047,Female,73,Hyderabad,2023-01-09
C00048,,59,Chennai,2023-02-22
C00049,Female,18,Bangalore,2023-03-18
C00050,F,40,Mumbai,2023-07-25
C00051,F,41,Chennai,2023-11-12
C00052,F,60,Hyderabad,2023-10-29
C00053,F,78,,2023-11-06
C00054,,65,Bangalore,2023-11-26
C00055,male,64,,2023-04-22
C00056,Male,20,Chennai,2023-12-17
C00057,F,73,Hyderabad,2023-06-14
C00058,Female,29,Mumbai,2023-10-06
C00059,F,44,,2023-01-27
C00060,Female,56,Mumbai,2023-03-11
C00061,Female,51,Hyderabad,2023-08-06
C00062,F,56,,2023-12-31
C00063,,49,Mumbai,2023-07-08
C00064,Female,20,Mumbai,2023-11-29
C00065,Female,32,,2023-11-02
C00066,F,43,Hyderabad,2023-05-04
C00067,Female,73,Mumbai,2023-01-19
C00068,Female,61,Chennai,2023-09-14
C00069,F,31,,2023-10-23
C00070,F,36,Bangalore,2023-01-22
C00071,Male,51,Bangalore,2023-02-09
C00072,,63,Hyderabad,2023-02-07
C00073,,27,Chennai,2023-02-17
C00074,Female,48,Mumbai,2023-07-02
C00075,,67,Bangalore,2023-03-16
C00076,Female,65,Hyderabad,2023-07-28
C00077,Male,17,Chennai,2023-07-02
C00078,F,56,Chennai,2023-04-17
C00079,F,46,Hyderabad,2023-07-07
C00080,F,65,Hyderabad,2023-09-21
C00081,,60,Mumbai,2023-03-27
C00082,Male,35,Hyderabad,2023-11-20
C00083,,58,Mumbai,2023-11-27
C00084,,25,Mumbai,2023-05-17
C00085,Male,15,,2023-12-12
C00086,Male,77,Chennai,2023-12-02
C00087,Male,38,Chennai,2023-04-05
C00088,Male,27,Chennai,2023-11-22
C00089,F,25,,2023-09-02
C00090,male,65,Mumbai,2023-03-31
C00091,male,31,Mumbai,2023-02-28
C00092,Male,38,Hyderabad,2023-01-28
C00093,male,33,,2023-03-13
C00094,male,51,Hyderabad,2023-09-27
C00095,Male,22,,2023-01-24
C00096,male,42,Hyderabad,2023-04-22
C00097,,19,Bangalore,2023-10-27
C00098,Female,31,Chennai,2023-02-25
C00099,Female,50,Chennai,2023-08-11
C00100,Male,33,Mumbai,2023-04-30
C00101,F,78,Bangalore,2023-06-28
C00102,Male,25,Chennai,2023-10-15
C00103,F,68,Mumbai,2023-10-08
C00104,Female,59,Bangalore,2023-07-08
C00105,Male,61,Chennai,2023-03-07
C00106,,26,Hyderabad,2023-10-25
C00107,male,35,,2023-09-06
C00108,F,25,Bangalore,2023-03-17
C00109,male,19,Mumbai,2023-05-17
C00110,male,70,Bangalore,2023-06-13
C00111,Male,34,Mumbai,2023-08-21
C00112,male,55,Bangalore,2023-09-12
C00113,,60,Mumbai,2023-10-21
C00114,male,26,Chennai,2023-06-19
C00115,Male,31,Hyderabad,2023-11-13
C00116,,33,Chennai,2023-06-23
C00117,Female,40,Hyderabad,2023-12-11
C00118,male,62,Chennai,2023-01-18
C00119,Male,66,Chennai,2023-03-11
C00120,Female,69,Bangalore,2023-12-04
C00121,Female,47,,2023-04-26
C00122,F,76,Mumbai,2023-03-21
C00123,,37,Mumbai,2023-01-15
C00124,male,29,Mumbai,2023-06-25
C00125,Male,41,Hyderabad,2023-09-26
C00126,F,78,Mumbai,2023-04-29
C00127,,65,Mumbai,2023-10-26
C00128,F,67,Bangalore,2023-07-07
C00129,,65,Chennai,2023-02-26
C00130,,61,Mumbai,2023-07-18
C00131,male,18,,2023-01-17
C00132,,21,Mumbai,2023-10-15
C00133,F,49,Hyderabad,2023-02-24
C00134,,62,Hyderabad,2023-09-26
C00135,male,59,Hyderabad,2023-10-30
C00136,male,33,Mumbai,2023-03-28
C00137,F,77,Bangalore,2023-11-14
C00138,Female,52,,2023-01-29
C00139,Female,73,Mumbai,2023-01-22
C00140,,27,Bangalore,2023-11-17
C00141,Male,61,Bangalore,2023-10-12
C00142,,75,Mumbai,2023-02-17
C00143,F,45,Mumbai,2023-01-05
C00144,F,36,Bangalore,2023-09-07
C00145,F,57,Bangalore,2023-06-12
C00146,F,68,Bangalore,2023-07-21
C00147,F,24,Mumbai,2023-04-11
C00148,male,56,Bangalore,2023-03-12
C00149,Female,78,Hyderabad,2023-06-12
C00150,F,35,Mumbai,2023-06-22
C00151,Male,55,Hyderabad,2023-05-21
C00152,Male,38,Chennai,2023-05-18
C00153,Male,49,Mumbai,2023-03-07
C00154,Male,70,Chennai,2023-07-17
C00155,male,44,Bangalore,2023-11-24
C00156,Male,71,Bangalore,2023-08-16
C00157,F,61,,2023-10-08
C00158,,49,Bangalore,2023-06-21
C00159,Male,33,Chennai,2023-11-12
C00160,male,22,Bangalore,2023-02-09
C00161,male,40,Mumbai,2023-01-07
C00162,Male,44,Bangalore,2023-06-23
C00163,,21,,2023-05-31
C00164,Male,79,Bangalore,2023-07-30
C00165,male,50,Chennai,2023-10-29
C00166,Female,39,Chennai,2023-03-27
C00167,F,51,Bangalore,2023-09-10
C00168,male,15,Chennai,2023-01-21
C00169,Male,29,Chennai,2023-09-14
C00170,F,51,,2023-02-02
C00171,Male,27,Mumbai,2023-09-17
C00172,Male,22,,2023-08-22
C00173,Female,19,Hyderabad,2023-01-03
C00174,F,74,,2023-12-13
C00175,F,15,Bangalore,2023-11-04
C00176,Female,50,Mumbai,2023-08-15
C00177,male,49,Bangalore,2023-10-11
C00178,Male,77,Hyderabad,2023-03-11
C00179,,37,Mumbai,2023-11-09
C00180,Male,23,Chennai,2023-12-30
C00181,Male,48,,2023-09-11
C00182,male,60,Bangalore,2023-05-24
C00183,Male,18,Hyderabad,2023-01-24
C00184,Female,44,Chennai,2023-08-22
C00185,Female,17,,2023-11-29
C00186,F,28,Chennai,2023-06-24
C00187,,74,,2023-11-28
C00188,Male,59,Mumbai,2023-11-21
C00189,Male,48,Chennai,2023-12-23
C00190,male,59,Chennai,2023-06-08
C00191,Female,75,Chennai,2023-12-14
C00192,,30,Mumbai,2023-12-14
C00193,F,54,Hyderabad,2023-10-13
C00194,Female,31,,2023-01-18
C00195,F,48,Chennai,2023-02-13
C00196,male,30,Mumbai,2023-06-04
C00197,male,74,Hyderabad,2023-12-21
C00198,Male,27,,2023-08-19
C00199,,70,Mumbai,2023-11-12
C00200,F,45,,2023-08-13
C00201,Female,48,Chennai,2023-08-05
C00202,male,53,Hyderabad,2023-02-25
C00203,Male,22,Mumbai,2023-01-31
C00204,Male,69,Hyderabad,2023-12-23
C00205,F,41,Chennai,2023-02-28
C00206,male,67,Hyderabad,2023-12-19
C00207,,53,Hyderabad,2023-08-23
C00208,male,79,Bangalore,2023-04-17
C00209,F,31,Hyderabad,2023-07-10
C00210,F,44,,2023-01-18
C00211,male,67,Mumbai,2023-08-14
C00212,F,27,Bangalore,2023-06-16
C00213,male,35,Mumbai,2023-03-12
C00214,Female,33,Mumbai,2023-12-28
C00215,male,67,Chennai,2023-02-23
C00216,male,33,Chennai,2023-09-02
C00217,F,71,Bangalore,2023-12-16
C00218,F,39,Chennai,2023-03-17
C00219,Male,45,Chennai,2023-02-04
C00220,Male,69,Chennai,2023-09-24
C00221,Female,37,Mumbai,2023-11-13
C00222,Male,46,Bangalore,2023-10-27
C00223,male,76,Mumbai,2023-05-01
C00224,F,24,,2023-11-20
C00225,Male,68,Mumbai,2023-01-25
C00226,Male,66,,2023-06-09
C00227,Female,34,Hyderabad,2023-03-25
C00228,Female,46,Hyderabad,2023-04-24
C00229,male,28,,2023-08-11
C00230,F,64,,2023-06-15
C00231,Female,42,Mumbai,2023-07-10
C00232,Male,67,,2023-06-24
C00233,F,38,Bangalore,2023-01-01
C00234,F,36,Hyderabad,2023-08-17
C00235,Male,44,Hyderabad,2023-03-27
C00236,Female,77,,2023-03-03
C00237,Male,18,Chennai,2023-11-16
C00238,F,73,Chennai,2023-07-25
C00239,,22,,2023-04-15
C00240,,26,Bangalore,2023-11-14
C00241,male,45,Chennai,2023-10-18
C00242,Male,48,,2023-09-07
C00243,Male,63,Bangalore,2023-01-13
C00244,male,71,Bangalore,2023-06-12
C00245,male,40,Mumbai,2023-02-12
C00246,male,32,Bangalore,2023-04-21
C00247,F,52,Chennai,2023-07-24
C00248,Male,64,Chennai,2023-09-13
C00249,F,22,,2023-11-03
C00250,male,55,,2023-05-24
C00251,Male,20,Bangalore,2023-05-26
C00252,F,58,Hyderabad,2023-10-28
C00253,F,78,Mumbai,2023-06-13
C00254,male,43,Hyderabad,2023-06-18
C00255,Male,42,Bangalore,2023-10-25
C00256,male,25,Bangalore,2023-08-21
C00257,Male,79,Hyderabad,2023-09-28
C00258,,33,Mumbai,2023-03-01
C00259,Female,23,Hyderabad,2023-10-23
C00260,Female,41,,2023-08-23
C00261,Female,48,Chennai,2023-06-14
C00262,male,58,,2023-07-13
C00263,,29,Chennai,2023-08-22
C00264,Male,65,Bangalore,2023-07-02
C00265,F,27,Mumbai,2023-11-29
C00266,Male,63,Hyderabad,2023-08-20
C00267,F,70,Mumbai,2023-12-27
C00268,Male,65,Hyderabad,2023-04-17
C00269,,51,,2023-08-11
C00270,F,31,,2023-03-21
C00271,male,72,Hyderabad,2023-08-22
C00272,Male,43,Mumbai,2023-07-03
C00273,Male,47,Hyderabad,2023-07-04
C00274,F,74,Bangalore,2023-05-14
C00275,male,69,,2023-08-08
C00276,male,24,Bangalore,2023-10-15
C00277,,61,,2023-12-30
C00278,male,37,,2023-07-21
C00279,male,35,Chennai,2023-05-26
C00280,male,27,Bangalore,2023-11-20
C00281,Female,47,Bangalore,2023-05-07
C00282,,38,Chennai,2023-05-15
C00283,Male,25,Mumbai,2023-04-24
C00284,F,31,Bangalore,2023-09-21
C00285,Male,61,Hyderabad,2023-03-05
C00286,,39,Chennai,2023-05-15
C00287,F,35,Bangalore,2023-02-10
C00288,,26,Mumbai,2023-10-23
C00289,male,51,Bangalore,2023-01-03
C00290,F,56,,2023-07-13
C00291,male,31,Hyderabad,2023-04-20
C00292,Male,62,Chennai,2023-08-09
C00293,Male,42,,2023-01-04
C00294,F,55,Mumbai,2023-09-01
C00295,F,61,,2023-06-15
C00296,,32,,2023-01-26
C00297,,27,Mumbai,2023-01-17
C00298,male,27,,2023-08-04
C00299,F,45,Chennai,2023-04-02
C00300,Male,16,Bangalore,2023-01-31
C00301,,30,,2023-07-24
C00302,,23,Chennai,2023-07-26
C00303,Male,52,Bangalore,2023-04-17
C00304,,68,Bangalore,2023-05-26
C00305,male,70,,2023-04-11
C00306,F,59,Chennai,2023-11-14
C00307,Male,48,,2023-08-29
C00308,F,23,Mumbai,2023-09-04
C00309,,22,Bangalore,2023-06-12
C00310,,21,,2023-06-22
C00311,Male,50,Bangalore,2023-02-04
C00312,male,32,Chennai,2023-10-11
C00313,Female,17,Hyderabad,2023-12-25
C00314,Male,42,,2023-12-24
C00315,Female,58,,2023-01-21
C00316,Female,35,Bangalore,2023-11-04
C00317,male,42,Chennai,2023-06-12
C00318,Female,68,Mumbai,2023-04-07
C00319,Female,68,Chennai,2023-11-03
C00320,male,79,,2023-12-05
C00321,Female,35,Mumbai,2023-02-24
C00322,Female,27,Chennai,2023-11-29
C00323,Female,71,Hyderabad,2023-05-07
C00324,Male,63,Bangalore,2023-07-12
C00325,Male,68,Chennai,2023-08-31
C00326,Male,24,Chennai,2023-12-15
C00327,male,67,Hyderabad,2023-03-29
C00328,,58,,2023-12-02
C00329,Female,61,Bangalore,2023-08-03
C00330,Female,67,Chennai,2023-04-02
C00331,male,60,Mumbai,2023-10-30
C00332,Female,27,Chennai,2023-08-23
C00333,Male,51,Bangalore,2023-07-03
C00334,,38,Chennai,2023-02-07
C00335,F,16,Hyderabad,2023-05-19
C00336,Female,28,Chennai,2023-07-14
C00337,Male,24,Chennai,2023-01-15
C00338,F,49,Mumbai,2023-09-14
C00339,,39,Hyderabad,2023-05-15
C00340,F,17,Hyderabad,2023-01-01
C00341,Male,31,Chennai,2023-02-18
C00342,F,26,Mumbai,2023-04-06
C00343,male,68,Chennai,2023-07-20
C00344,F,38,Chennai,2023-01-26
C00345,Female,43,Bangalore,2023-12-09
C00346,Female,57,Bangalore,2023-08-23
C00347,male,39,Mumbai,2023-12-15
C00348,Male,74,,2023-09-01
C00349,Female,79,Bangalore,2023-12-24
C00350,,42,,2023-11-23
C00351,Female,30,Hyderabad,2023-12-17
C00352,Female,61,Bangalore,2023-02-20
C00353,Male,72,Bangalore,2023-03-22
C00354,F,41,Mumbai,2023-02-05
C00355,Female,67,,2023-03-08
C00356,male,56,Bangalore,2023-05-09
C00357,F,73,Bangalore,2023-06-04
C00358,,61,Mumbai,2023-09-02
C00359,Male,48,Mumbai,2023-04-21
C00360,,51,,2023-06-17
C00361,F,20,Hyderabad,2023-05-22
C00362,F,21,Hyderabad,2023-12-22
C00363,F,39,Chennai,2023-07-16
C00364,,47,Bangalore,2023-04-19
C00365,F,69,,2023-03-20
C00366,,72,Bangalore,2023-06-10
C00367,F,21,,2023-01-19
C00368,male,71,,2023-05-07
C00369,F,26,,2023-07-24
C00370,,30,Bangalore,2023-01-29
C00371,Female,57,Mumbai,2023-07-26
C00372,F,21,Bangalore,2023-10-07
C00373,Female,65,,2023-05-31
C00374,male,46,Chennai,2023-08-28
C00375,Male,22,Hyderabad,2023-09-23
C00376,male,59,,2023-07-01
C00377,F,73,Chennai,2023-04-15
C00378,Female,18,Mumbai,2023-08-24
C00379,Female,43,,2023-06-22
C00380,,43,Chennai,2023-06-07
C00381,Female,42,,2023-06-21
C00382,,58,Bangalore,2023-11-07
C00383,Male,18,Chennai,2023-06-06
C00384,F,23,Bangalore,2023-09-15
C00385,,19,Bangalore,2023-06-13
C00386,Male,70,Chennai,2023-05-27
C00387,Female,64,Hyderabad,2023-06-03
C00388,Female,29,Chennai,2023-02-07
C00389,Male,46,Hyderabad,2023-05-11
C00390,Female,42,,2023-12-24
C00391,Male,36,,2023-09-12
C00392,,31,Chennai,2023-07-27
C00393,,73,,2023-04-05
C00394,Male,71,Mumbai,2023-12-14
C00395,,40,Bangalore,2023-11-23
C00396,,39,Bangalore,2023-06-20
C00397,,24,Hyderabad,2023-09-07
C00398,male,59,,2023-07-09
C00399,F,25,Hyderabad,2023-07-18
C00400,Female,67,Bangalore,2023-08-09
C00401,male,42,Bangalore,2023-01-24
C00402,,79,,2023-09-01
C00403,Male,63,Mumbai,2023-11-20
C00404,,61,Mumbai,2023-05-08
C00405,F,66,,2023-04-03
C00406,,68,,2023-10-27
C00407,Male,74,Hyderabad,2023-05-13
C00408,F,71,,2023-02-24
C00409,,61,Mumbai,2023-06-07
C00410,F,45,,2023-01-29
C00411,Female,60,Hyderabad,2023-07-30
C00412,Female,40,Hyderabad,2023-06-03
C00413,,19,Hyderabad,2023-10-20
C00414,F,66,Hyderabad,2023-08-10
C00415,Male,68,Chennai,2023-04-25
C00416,,47,,2023-06-07
C00417,Female,64,Bangalore,2023-09-16
C00418,Female,52,,2023-09-08
C00419,,41,Chennai,2023-05-02
C00420,F,29,Hyderabad,2023-10-26
C00421,Female,75,Chennai,2023-09-20
C00422,F,35,Mumbai,2023-02-18
C00423,Female,60,Mumbai,2023-11-25
C00424,Female,20,,2023-10-24
C00425,male,52,,2023-12-28
C00426,Female,76,Bangalore,2023-03-18
C00427,Male,76,Bangalore,2023-05-07
C00428,,60,Mumbai,2023-07-16
C00429,,27,Hyderabad,2023-08-09
C00430,F,17,Chennai,2023-04-01
C00431,Female,20,Bangalore,2023-01-08
C00432,Male,22,Bangalore,2023-02-01
C00433,F,58,Hyderabad,2023-11-16
C00434,male,47,Hyderabad,2023-09-26
C00435,F,64,,2023-07-10
C00436,F,25,Chennai,2023-12-15
C00437,Female,42,Hyderabad,2023-06-12
C00438,male,55,Bangalore,2023-03-02
C00439,F,30,Bangalore,2023-09-21
C00440,Male,62,Mumbai,2023-10-12
C00441,Male,70,Hyderabad,2023-04-05
C00442,,78,,2023-02-10
C00443,male,73,Chennai,2023-05-29
C00444,male,76,,2023-07-23
C00445,,25,Bangalore,2023-09-24
C00446,F,32,,2023-01-02
C00447,male,33,Bangalore,2023-06-27
C00448,Male,69,Bangalore,2023-07-13
C00449,Male,40,Bangalore,2023-12-02
C00450,Female,20,Bangalore,2023-07-15
C00451,male,18,Bangalore,2023-12-09
C00452,F,43,Mumbai,2023-09-06
C00453,,73,,2023-07-31
C00454,,31,Mumbai,2023-06-02
C00455,F,57,Mumbai,2023-06-07
C00456,Female,48,Hyderabad,2023-12-28
C00457,,22,Hyderabad,2023-05-19
C00458,male,27,Hyderabad,2023-08-09
C00459,Female,22,Chennai,2023-09-30
C00460,male,79,Hyderabad,2023-06-03
C00461,Male,57,,2023-09-06
C00462,Female,53,Mumbai,2023-10-06
C00463,,73,,2023-10-31
C00464,Female,58,Hyderabad,2023-10-03
C00465,Female,23,Chennai,2023-01-02
C00466,Female,51,Chennai,2023-03-29
C00467,Female,50,Mumbai,2023-10-14
C00468,male,42,,2023-05-10
C00469,Male,56,Bangalore,2023-03-19
C00470,F,57,,2023-09-17
C00471,Female,56,Hyderabad,2023-08-29
C00472,,69,Bangalore,2023-05-21
C00473,Female,62,Chennai,2023-08-16
C00474,,36,Mumbai,2023-06-12
C00475,male,41,Mumbai,2023-08-24
C00476,,27,Chennai,2023-05-08
C00477,F,59,Hyderabad,2023-07-19
C00478,Male,24,Chennai,2023-01-31
C00479,,23,Hyderabad,2023-05-18
C00480,,68,Bangalore,2023-01-21
C00481,Male,41,Chennai,2023-08-22
C00482,F,48,Hyderabad,2023-07-21
C00483,Female,15,Bangalore,2023-10-06
C00484,,46,Chennai,2023-05-11
C00485,Male,34,Mumbai,2023-05-28
C00486,male,49,Chennai,2023-01-29
C00487,Male,31,,2023-12-27
C00488,male,32,Chennai,2023-11-04
C00489,F,59,,2023-06-11
C00490,Female,67,Bangalore,2023-12-23
C00491,Male,79,Chennai,2023-12-06
C00492,,15,Bangalore,2023-03-02
C00493,F,72,Bangalore,2023-05-05
C00494,Male,40,Hyderabad,2023-03-12
C00495,,34,Bangalore,2023-11-22
C00496,Male,24,Bangalore,2023-12-30
C00497,male,73,Chennai,2023-08-31
C00498,Male,55,Chennai,2023-09-06
C00499,Male,19,Mumbai,2023-08-09
C00500,Male,79,Hyderabad,2023-01-21
C00501,F,31,Bangalore,2023-03-23
C00502,Male,36,Hyderabad,2023-12-10
C00503,,55,,2023-01-10
C00504,male,25,Bangalore,2023-01-12
C00505,male,70,Hyderabad,2023-09-20
C00506,Male,65,Mumbai,2023-05-25
C00507,F,35,Mumbai,2023-07-11
C00508,F,40,Bangalore,2023-09-07
C00509,,33,,2023-04-24
C00510,Male,74,Mumbai,2023-01-26
C00511,male,61,Mumbai,2023-09-28
C00512,F,40,,2023-02-02
C00513,Male,54,Hyderabad,2023-03-03
C00514,F,19,Mumbai,2023-08-17
C00515,F,35,Chennai,2023-10-30
C00516,male,18,Mumbai,2023-04-05
C00517,Female,37,Hyderabad,2023-02-04
C00518,,29,Hyderabad,2023-07-12
C00519,,22,Bangalore,2023-03-17
C00520,male,55,Chennai,2023-09-06
C00521,F,33,Hyderabad,2023-03-24
C00522,Male,60,,2023-01-25
C00523,F,42,Chennai,2023-02-26
C00524,male,29,Chennai,2023-02-01
C00525,,51,,2023-11-15
C00526,F,15,Mumbai,2023-01-12
C00527,,38,,2023-11-15
C00528,Male,41,,2023-11-29
C00529,,54,Mumbai,2023-04-02
C00530,,77,Mumbai,2023-01-01
C00531,Female,75,Mumbai,2023-11-22
C00532,Female,50,Mumbai,2023-05-16
C00533,Female,38,Mumbai,2023-07-15
C00534,,38,,2023-05-13
C00535,male,18,Bangalore,2023-03-27
C00536,,48,Bangalore,2023-10-22
C00537,male,71,Hyderabad,2023-10-06
C00538,male,63,Bangalore,2023-11-20
C00539,Female,67,Bangalore,2023-06-29
C00540,F,37,,2023-01-04
C00541,Male,67,Mumbai,2023-05-06
C00542,Female,76,Mumbai,2023-06-24
C00543,Female,55,,2023-09-08
C00544,F,71,Bangalore,2023-01-21
C00545,Male,74,,2023-04-15
C00546,,68,Hyderabad,2023-03-07
C00547,,71,Mumbai,2023-09-20
C00548,Female,24,Chennai,2023-02-18
C00549,Male,54,Hyderabad,2023-01-16
C00550,Female,21,Hyderabad,2023-05-25
C00551,male,52,,2023-12-06
C00552,Female,75,Bangalore,2023-09-07
C00553,Female,17,Mumbai,2023-12-09
C00554,,65,Chennai,2023-12-20
C00555,,61,Hyderabad,2023-03-16
C00556,,52,Chennai,2023-10-17
C00557,male,50,Bangalore,2023-10-09
C00558,,55,Bangalore,2023-03-07
C00559,Male,27,Chennai,2023-05-05
C00560,F,72,Mumbai,2023-11-15
C00561,Male,64,Bangalore,2023-03-28
C00562,Male,44,Chennai,2023-02-10
C00563,,76,Hyderabad,2023-07-05
C00564,F,39,Chennai,2023-12-20
C00565,F,41,Chennai,2023-12-01
C00566,F,65,,2023-09-23
C00567,male,71,Bangalore,2023-09-28
C00568,,61,Mumbai,2023-02-11
C00569,F,53,Mumbai,2023-04-03
C00570,male,30,,2023-07-04
C00571,Female,36,Mumbai,2023-08-03
C00572,Female,68,Chennai,2023-01-17
C00573,male,35,,2023-09-22
C00574,male,30,Hyderabad,2023-04-24
C00575,,73,Bangalore,2023-10-19
C00576,,45,Bangalore,2023-10-19
C00577,Female,56,Bangalore,2023-02-17
C00578,F,46,Chennai,2023-11-03
C00579,Female,73,Hyderabad,2023-04-07
C00580,F,48,,2023-04-05
C00581,F,23,,2023-11-22
C00582,,25,Bangalore,2023-03-15
C00583,Male,24,Hyderabad,2023-12-02
C00584,Male,31,Hyderabad,2023-03-09
C00585,male,62,Hyderabad,2023-09-03
C00586,,66,Mumbai,2023-03-18
C00587,F,39,Mumbai,2023-07-27
C00588,Male,35,Bangalore,2023-09-11
C00589,F,79,Hyderabad,2023-08-09
C00590,Male,77,Hyderabad,2023-09-19
C00591,Male,65,,2023-11-27
C00592,Male,50,,2023-12-10
C00593,,29,Bangalore,2023-09-16
C00594,Female,53,Hyderabad,2023-11-04
C00595,F,15,Bangalore,2023-03-15
C00596,,37,,2023-05-05
C00597,,53,,2023-07-07
C00598,,71,Mumbai,2023-09-11
C00599,,48,Bangalore,2023-11-17
C00600,,55,Bangalore,2023-11-04
C00601,male,27,Hyderabad,2023-08-23
C00602,F,20,Hyderabad,2023-09-07
C00603,,66,Mumbai,2023-11-28
C00604,F,17,Chennai,2023-12-11
C00605,male,77,Chennai,2023-03-13
C00606,male,63,Chennai,2023-08-23
C00607,F,61,Bangalore,2023-11-20
C00608,Male,69,Bangalore,2023-06-05
C00609,Female,78,,2023-04-25
C00610,Male,79,Bangalore,2023-11-09
C00611,Male,29,Bangalore,2023-08-16
C00612,Male,46,Bangalore,2023-11-18
C00613,,32,Mumbai,2023-12-12
C00614,male,57,Bangalore,2023-09-02
C00615,Male,49,Hyderabad,2023-11-02
C00616,male,72,Hyderabad,2023-01-14
C00617,F,47,,2023-01-16
C00618,Female,28,Mumbai,2023-02-11
C00619,F,48,Hyderabad,2023-04-20
C00620,F,75,Mumbai,2023-10-05
C00621,,18,Mumbai,2023-11-20
C00622,Female,73,,2023-01-19
C00623,F,43,Mumbai,2023-03-07
C00624,F,20,Bangalore,2023-06-16
C00625,Female,63,Mumbai,2023-03-14
C00626,Female,54,,2023-11-06
C00627,F,79,,2023-04-22
C00628,Female,41,,2023-10-01
C00629,F,20,Hyderabad,2023-03-26
C00630,F,27,Bangalore,2023-05-19
C00631,,78,Hyderabad,2023-02-08
C00632,Male,76,Chennai,2023-04-15
C00633,F,33,Bangalore,2023-11-20
C00634,male,57,Mumbai,2023-10-08
C00635,Male,34,,2023-05-03
C00636,Male,58,Chennai,2023-08-06
C00637,Male,37,Bangalore,2023-03-02
C00638,,16,Hyderabad,2023-04-10
C00639,F,36,,2023-11-03
C00640,,71,Hyderabad,2023-12-20
C00641,F,21,Bangalore,2023-07-23
C00642,,70,Bangalore,2023-09-15
C00643,,30,Chennai,2023-01-05
C00644,male,65,Mumbai,2023-07-16
C00645,,26,Hyderabad,2023-06-29
C00646,Female,67,Chennai,2023-12-08
C00647,male,19,,2023-05-13
C00648,,41,Mumbai,2023-11-20
C00649,Male,26,Chennai,2023-09-10
C00650,Female,31,Hyderabad,2023-09-22
C00651,Female,20,Bangalore,2023-04-03
C00652,Female,19,,2023-05-30
C00653,male,71,Hyderabad,2023-05-18
C00654,,42,Mumbai,2023-07-27
C00655,,73,Mumbai,2023-05-05
C00656,Male,47,Bangalore,2023-08-22
C00657,Male,76,Bangalore,2023-03-02
C00658,Female,64,,2023-11-03
C00659,Male,33,,2023-09-23
C00660,male,61,Bangalore,2023-05-14
C00661,,53,Bangalore,2023-11-14
C00662,Female,47,Mumbai,2023-04-23
C00663,Male,27,Bangalore,2023-07-10
C00664,male,68,Chennai,2023-07-06
C00665,male,21,Hyderabad,2023-11-15
C00666,Male,28,Bangalore,2023-03-30
C00667,,33,,2023-07-06
C00668,Male,68,Chennai,2023-11-03
C00669,Female,34,,2023-05-12
C00670,Male,43,Chennai,2023-12-26
C00671,male,38,Bangalore,2023-05-03
C00672,Male,77,Hyderabad,2023-02-17
C00673,,71,,2023-10-15
C00674,F,22,Chennai,2023-06-28
C00675,Male,76,Mumbai,2023-06-29
C00676,,43,Bangalore,2023-04-09
C00677,,31,Hyderabad,2023-11-26
C00678,male,20,Bangalore,2023-02-03
C00679,,72,Mumbai,2023-03-11
C00680,,42,Hyderabad,2023-06-20
C00681,,76,Mumbai,2023-09-29
C00682,,55,Bangalore,2023-02-28
C00683,Female,55,Chennai,2023-06-30
C00684,Female,63,Bangalore,2023-01-19
C00685,male,63,Bangalore,2023-08-14
C00686,Male,17,Bangalore,2023-04-05
C00687,,24,,2023-10-24
C00688,Male,49,Mumbai,2023-03-22
C00689,Male,16,Mumbai,2023-06-24
C00690,male,38,Mumbai,2023-08-10
C00691,,52,,2023-04-13
C00692,,36,Chennai,2023-02-23
C00693,F,40,Bangalore,2023-07-02
C00694,Male,57,Chennai,2023-12-17
C00695,Male,69,,2023-11-14
C00696,Female,53,Mumbai,2023-12-21
C00697,F,43,Bangalore,2023-12-15
C00698,Female,34,Hyderabad,2023-11-17
C00699,Female,55,Hyderabad,2023-03-09
C00700,Female,68,Chennai,2023-01-28
C00701,male,34,Mumbai,2023-10-01
C00702,male,33,Hyderabad,2023-10-09
C00703,Female,44,Chennai,2023-12-26
C00704,F,67,,2023-11-07
C00705,Male,48,Chennai,2023-04-29
C00706,F,36,Chennai,2023-05-14
C00707,,20,Chennai,2023-05-09
C00708,male,41,Bangalore,2023-01-08
C00709,Male,24,Chennai,2023-02-20
C00710,Male,62,Chennai,2023-12-07
C00711,,73,Bangalore,2023-10-08
C00712,,73,Bangalore,2023-06-24
C00713,Female,16,,2023-07-02
C00714,male,43,Mumbai,2023-07-11
C00715,male,79,Hyderabad,2023-09-06
C00716,F,40,Hyderabad,2023-08-23
C00717,Female,24,Chennai,2023-03-24
C00718,Female,67,,2023-04-03
C00719,Female,73,Chennai,2023-11-08
C00720,Female,36,Hyderabad,2023-09-25
C00721,male,65,Bangalore,2023-04-30
C00722,male,62,Mumbai,2023-03-12
C00723,Female,35,,2023-01-17
C00724,F,36,Bangalore,2023-09-10
C00725,Male,44,Mumbai,2023-05-02
C00726,Male,39,,2023-01-10
C00727,F,42,,2023-10-14
C00728,Female,79,Hyderabad,2023-11-12
C00729,male,59,Bangalore,2023-11-22
C00730,Male,21,,2023-09-30
C00731,,63,,2023-11-02
C00732,,23,Mumbai,2023-10-20
C00733,F,50,Hyderabad,2023-07-29
C00734,Female,15,Chennai,2023-08-06
C00735,Male,24,Hyderabad,2023-08-29
C00736,Female,50,Chennai,2023-07-19
C00737,Male,60,Bangalore,2023-08-04
C00738,F,46,Bangalore,2023-07-24
C00739,F,46,,2023-08-04
C00740,,20,Bangalore,2023-03-21
C00741,Female,62,,2023-09-24
C00742,,52,Hyderabad,2023-02-04
C00743,Female,31,Bangalore,2023-10-16
C00744,,41,Hyderabad,2023-01-18
C00745,male,68,Hyderabad,2023-06-14
C00746,male,64,Bangalore,2023-01-13
C00747,male,49,Hyderabad,2023-07-21
C00748,male,39,Bangalore,2023-08-17
C00749,Male,42,Bangalore,2023-12-12
C00750,male,29,Bangalore,2023-01-01
C00751,F,18,Chennai,2023-11-15
C00752,F,41,Hyderabad,2023-08-05
C00753,Male,40,Mumbai,2023-02-03
C00754,male,33,Bangalore,2023-12-25
C00755,male,31,Hyderabad,2023-09-23
C00756,male,57,,2023-05-08
C00757,,55,Bangalore,2023-07-31
C00758,Female,56,Bangalore,2023-09-20
C00759,,64,Mumbai,2023-11-08
C00760,Female,54,Chennai,2023-03-21
C00761,male,53,Chennai,2023-06-14
C00762,male,37,Bangalore,2023-09-09
C00763,,66,Hyderabad,2023-01-12
C00764,,61,,2023-10-31
C00765,Female,77,,2023-07-31
C00766,F,57,Hyderabad,2023-10-09
C00767,Female,62,Bangalore,2023-04-22
C00768,,48,,2023-07-30
C00769,,54,Chennai,2023-08-27
C00770,Male,75,Hyderabad,2023-09-25
C00771,,64,Mumbai,2023-10-25
C00772,Male,76,Bangalore,2023-11-13
C00773,F,72,Hyderabad,2023-02-27
C00774,Female,47,,2023-02-03
C00775,Female,30,Bangalore,2023-09-20
C00776,Male,62,Chennai,2023-12-31
C00777,Female,24,Bangalore,2023-02-04
C00778,,52,Bangalore,2023-09-28
C00779,male,33,Chennai,2023-08-15
C00780,Male,50,Chennai,2023-01-25
C00781,Female,73,Bangalore,2023-08-22
C00782,Male,77,Chennai,2023-02-28
C00783,Male,60,Hyderabad,2023-09-08
C00784,male,17,Chennai,2023-12-01
C00785,,79,Chennai,2023-03-27
C00786,Male,22,Bangalore,2023-09-08
C00787,Female,65,Hyderabad,2023-06-29
C00788,F,20,Mumbai,2023-07-26
C00789,Male,53,Mumbai,2023-12-10
C00790,Male,74,,2023-05-29
C00791,male,42,Chennai,2023-03-12
C00792,,68,Chennai,2023-05-01
C00793,F,51,Hyderabad,2023-09-10
C00794,Female,23,Mumbai,2023-04-03
C00795,F,70,,2023-09-13
C00796,Female,73,Hyderabad,2023-09-11
C00797,,16,Chennai,2023-12-18
C00798,Female,75,Mumbai,2023-10-15
C00799,male,72,,2023-11-05
C00800,male,74,Bangalore,2023-02-28
C00801,male,54,Mumbai,2023-03-10
C00802,male,50,,2023-03-27
C00803,F,51,Hyderabad,2023-10-01
C00804,,32,Bangalore,2023-08-15
C00805,Female,77,,2023-03-22
C00806,Female,36,,2023-04-24
C00807,male,25,Chennai,2023-07-03
C00808,male,72,Mumbai,2023-10-07
C00809,Male,71,Chennai,2023-11-18
C00810,,18,Bangalore,2023-11-14
C00811,F,21,,2023-02-23
C00812,Female,75,Chennai,2023-07-16
C00813,Male,68,Mumbai,2023-10-20
C00814,Male,15,Bangalore,2023-10-20
C00815,Female,69,Hyderabad,2023-10-18
C00816,F,17,Chennai,2023-06-29
C00817,Male,52,Bangalore,2023-08-10
C00818,Male,15,Hyderabad,2023-10-01
C00819,,52,Chennai,2023-09-01
C00820,F,43,Bangalore,2023-06-03
C00821,Male,19,Bangalore,2023-10-31
C00822,F,35,Chennai,2023-09-30
C00823,Female,61,Bangalore,2023-05-15
C00824,male,49,,2023-11-09
C00825,Male,15,Chennai,2023-01-08
C00826,,26,Bangalore,2023-05-08
C00827,Female,74,Hyderabad,2023-02-25
C00828,F,41,Hyderabad,2023-05-06
C00829,Female,70,,2023-06-08
C00830,Male,37,Chennai,2023-02-28
C00831,F,39,Bangalore,2023-02-27
C00832,male,35,Bangalore,2023-05-20
C00833,Female,75,Hyderabad,2023-06-25
C00834,Male,77,,2023-04-18
C00835,,66,Hyderabad,2023-07-30
C00836,F,39,Hyderabad,2023-03-15
C00837,Female,69,,2023-06-16
C00838,Female,60,Chennai,2023-12-23
C00839,male,46,Bangalore,2023-10-31
C00840,male,69,Chennai,2023-08-21
C00841,,19,Mumbai,2023-11-23
C00842,,50,Mumbai,2023-07-01
C00843,Male,63,Mumbai,2023-05-02
C00844,Male,72,,2023-11-30
C00845,,53,Hyderabad,2023-07-22
C00846,,75,Chennai,2023-01-29
C00847,F,23,Bangalore,2023-07-21
C00848,male,20,Mumbai,2023-04-03
C00849,Male,49,Chennai,2023-11-25
C00850,male,53,Mumbai,2023-12-22
C00851,male,36,Mumbai,2023-06-25
C00852,,55,Bangalore,2023-11-26
C00853,F,19,,2023-07-30
C00854,Female,56,Hyderabad,2023-07-03
C00855,F,44,,2023-04-05
C00856,F,71,Chennai,2023-09-30
C00857,male,43,,2023-05-17
C00858,F,51,Chennai,2023-08-25
C00859,Male,27,Chennai,2023-12-19
C00860,male,46,Hyderabad,2023-09-22
C00861,Male,60,Bangalore,2023-05-15
C00862,Female,37,Hyderabad,2023-05-24
C00863,male,59,,2023-01-19
C00864,Female,31,Chennai,2023-08-19
C00865,male,20,Mumbai,2023-05-14
C00866,,32,Mumbai,2023-04-24
C00867,F,36,Chennai,2023-05-19
C00868,,47,Hyderabad,2023-05-05
C00869,Female,44,Bangalore,2023-07-23
C00870,F,46,Hyderabad,2023-03-02
C00871,male,56,Chennai,2023-09-07
C00872,F,24,Chennai,2023-10-25
C00873,Male,50,Bangalore,2023-01-13
C00874,F,48,,2023-09-12
C00875,Male,42,,2023-03-26
C00876,F,25,Bangalore,2023-01-20
C00877,Male,53,,2023-02-19
C00878,Female,61,Mumbai,2023-06-13
C00879,,33,,2023-04-02
C00880,male,29,,2023-03-29
C00881,F,42,,2023-03-10
C00882,,38,Mumbai,2023-02-06
C00883,male,23,,2023-09-10
C00884,male,61,Mumbai,2023-09-09
C00885,Male,47,Bangalore,2023-05-20
C00886,Female,76,Hyderabad,2023-12-21
C00887,Female,33,Bangalore,2023-06-17
C00888,,54,Hyderabad,2023-02-23
C00889,Female,61,Bangalore,2023-06-27
C00890,F,79,Hyderabad,2023-10-24
C00891,Female,43,Hyderabad,2023-10-28
C00892,,64,Chennai,2023-12-25
C00893,Female,27,Hyderabad,2023-04-16
C00894,F,15,Hyderabad,2023-05-17
C00895,Male,48,Chennai,2023-07-09
C00896,,62,,2023-05-08
C00897,Male,62,,2023-12-08
C00898,Male,63,Chennai,2023-02-16
C00899,Male,78,Mumbai,2023-01-05
C00900,male,75,Hyderabad,2023-09-14
C00901,male,43,Hyderabad,2023-10-27
C00902,Male,53,Chennai,2023-05-30
C00903,,40,Chennai,2023-10-21
C00904,F,31,Mumbai,2023-08-31
C00905,F,27,,2023-10-02
C00906,Female,40,Bangalore,2023-07-27
C00907,,63,,2023-04-25
C00908,male,21,Hyderabad,2023-07-14
C00909,Male,72,Chennai,2023-12-09
C00910,Female,63,Mumbai,2023-06-19
C00911,F,67,,2023-03-23
C00912,male,79,Mumbai,2023-06-03
C00913,male,76,,2023-05-21
C00914,Male,31,Hyderabad,2023-11-10
C00915,F,57,Bangalore,2023-05-26
C00916,,39,Mumbai,2023-11-19
C00917,male,17,Mumbai,2023-05-02
C00918,Male,43,Bangalore,2023-09-09
C00919,,46,Mumbai,2023-12-09
C00920,F,40,Mumbai,2023-11-07
C00921,male,30,,2023-03-30
C00922,,39,,2023-02-27
C00923,,68,Bangalore,2023-03-04
C00924,,42,Hyderabad,2023-12-13
C00925,male,70,Mumbai,2023-11-04
C00926,male,79,Hyderabad,2023-10-07
C00927,Female,55,Bangalore,2023-03-13
C00928,F,65,Bangalore,2023-01-09
C00929,Male,43,,2023-04-04
C00930,,33,Mumbai,2023-12-05
C00931,Female,55,Chennai,2023-12-02
C00932,Male,59,Bangalore,2023-06-01
C00933,Female,29,Mumbai,2023-12-22
C00934,male,17,Hyderabad,2023-02-09
C00935,,25,,2023-12-25
C00936,Male,67,Hyderabad,2023-03-03
C00937,Male,60,Bangalore,2023-09-11
C00938,Male,44,Bangalore,2023-03-10
C00939,Male,71,Hyderabad,2023-09-02
C00940,Male,32,Bangalore,2023-12-31
C00941,Female,65,Mumbai,2023-06-19
C00942,,62,Bangalore,2023-06-27
C00943,male,22,,2023-07-08
C00944,male,36,Mumbai,2023-09-17
C00945,male,20,Chennai,2023-03-13
C00946,male,71,Bangalore,2023-01-17
C00947,Female,50,Bangalore,2023-12-07
C00948,F,71,,2023-02-26
C00949,,63,,2023-08-06
C00950,Male,59,Hyderabad,2023-04-17
C00951,F,59,Hyderabad,2023-10-31
C00952,male,34,Hyderabad,2023-06-22
C00953,F,78,,2023-08-07
C00954,,17,Hyderabad,2023-09-04
C00955,Male,68,Hyderabad,2023-08-06
C00956,Male,78,Chennai,2023-01-31
C00957,,54,Hyderabad,2023-02-16
C00958,,73,Bangalore,2023-05-14
C00959,male,69,,2023-04-18
C00960,Male,76,Mumbai,2023-03-13
C00961,F,18,Chennai,2023-11-23
C00962,Female,74,,2023-04-18
C00963,Female,44,,2023-11-05
C00964,,16,Bangalore,2023-09-29
C00965,male,76,Hyderabad,2023-06-20
C00966,Female,63,Bangalore,2023-04-26
C00967,Male,23,Hyderabad,2023-11-25
C00968,,45,Hyderabad,2023-03-15
C00969,F,75,,2023-09-13
C00970,,62,Hyderabad,2023-03-22
C00971,F,39,Chennai,2023-09-25
C00972,,50,Chennai,2023-05-08
C00973,,22,Chennai,2023-11-22
C00974,,72,,2023-08-23
C00975,F,59,Bangalore,2023-02-10
C00976,F,76,Mumbai,2023-06-30
C00977,,53,Hyderabad,2023-06-06
C00978,Female,72,Mumbai,2023-02-28
C00979,male,78,Bangalore,2023-12-11
C00980,male,58,Bangalore,2023-09-06
C00981,male,43,,2023-07-11
C00982,F,73,Chennai,2023-01-24
C00983,F,23,Chennai,2023-03-21
C00984,Female,20,Bangalore,2023-05-14
C00985,male,43,,2023-08-01
C00986,male,72,,2023-12-14
C00987,,31,Hyderabad,2023-06-15
C00988,F,30,Chennai,2023-12-14
C00989,male,17,Bangalore,2023-12-03
C00990,Female,35,Mumbai,2023-03-12
C00991,Female,78,Chennai,2023-08-02
C00992,male,50,Hyderabad,2023-03-06
C00993,F,76,,2023-08-09
C00994,Female,56,Bangalore,2023-11-04
C00995,,56,Chennai,2023-10-13
C00996,Female,75,Mumbai,2023-07-04
C00997,Male,27,Hyderabad,2023-07-26
C00998,Male,25,Hyderabad,2023-04-09
C00999,F,68,Chennai,2023-08-30
C01000,male,30,Mumbai,2023-06-07
C01001,F,22,Hyderabad,2023-04-08
C01002,F,73,Bangalore,2023-02-11
C01003,F,71,Hyderabad,2023-05-19
C01004,F,54,Mumbai,2023-10-10
C01005,,73,,2023-08-15
C01006,,16,,2023-03-13
C01007,Female,24,Chennai,2023-08-31
C01008,Male,58,Mumbai,2023-01-18
C01009,F,25,Hyderabad,2023-03-18
C01010,Female,16,Hyderabad,2023-02-14
C01011,Male,64,,2023-12-09
C01012,male,26,,2023-05-20
C01013,,37,Bangalore,2023-06-26
C01014,Male,32,,2023-08-10
C01015,male,76,Bangalore,2023-04-02
C01016,Male,76,Hyderabad,2023-01-22
C01017,,52,Bangalore,2023-06-21
C01018,,52,Bangalore,2023-04-02
C01019,Female,75,Chennai,2023-07-11
C01020,F,15,,2023-03-18
C01021,Male,59,Bangalore,2023-10-08
C01022,Male,42,Hyderabad,2023-12-30
C01023,male,35,Mumbai,2023-06-28
C01024,,27,Bangalore,2023-08-26
C01025,Male,41,,2023-05-15
C01026,,21,Chennai,2023-12-31
C01027,Male,36,Hyderabad,2023-10-07
C01028,Female,67,Chennai,2023-01-19
C01029,F,18,Mumbai,2023-03-24
C01030,Male,37,Bangalore,2023-08-16
C01031,,47,Bangalore,2023-09-22
C01032,Female,42,,2023-04-22
C01033,Male,22,Bangalore,2023-09-08
C01034,male,15,Hyderabad,2023-06-13
C01035,F,51,Mumbai,2023-12-24
C01036,Male,77,Chennai,2023-06-17
C01037,Female,36,Mumbai,2023-08-09
C01038,male,35,Bangalore,2023-10-31
C01039,Female,49,Chennai,2023-07-10
C01040,Female,19,,2023-11-21
C01041,male,74,Mumbai,2023-06-19
C01042,Female,60,Chennai,2023-02-14
C01043,male,64,Chennai,2023-01-14
C01044,Male,62,Chennai,2023-08-19
C01045,male,20,Hyderabad,2023-06-06
C01046,male,70,Mumbai,2023-05-14
C01047,F,73,Chennai,2023-02-06
C01048,male,43,Mumbai,2023-02-22
C01049,male,32,Chennai,2023-01-18
C01050,Male,16,,2023-02-07
C01051,F,22,,2023-07-06
C01052,,68,,2023-07-15
C01053,Male,52,Bangalore,2023-08-31
C01054,Male,62,Chennai,2023-10-27
C01055,,41,Bangalore,2023-10-30
C01056,male,34,Mumbai,2023-02-04
C01057,Female,26,Bangalore,2023-08-03
C01058,F,57,Mumbai,2023-08-07
C01059,Female,75,Mumbai,2023-11-12
C01060,,45,Mumbai,2023-03-31
C01061,Male,75,Bangalore,2023-11-04
C01062,Male,49,Chennai,2023-09-09
C01063,F,29,Bangalore,2023-01-08
C01064,Male,30,Chennai,2023-09-13
C01065,Male,27,Chennai,2023-12-29
C01066,F,49,Mumbai,2023-07-27
C01067,F,73,Bangalore,2023-05-11
C01068,,35,Chennai,2023-08-12
C01069,Male,68,,2023-07-16
C01070,Male,44,Chennai,2023-05-22
C01071,,62,,2023-09-09
C01072,male,49,Bangalore,2023-04-06
C01073,male,52,Bangalore,2023-01-26
C01074,male,45,Bangalore,2023-04-21
C01075,,38,Chennai,2023-05-03
C01076,Male,63,Hyderabad,2023-07-05
C01077,,46,Chennai,2023-06-17
C01078,,69,Chennai,2023-02-20
C01079,male,72,Mumbai,2023-01-05
C01080,Female,17,Mumbai,2023-03-18
C01081,Male,24,Chennai,2023-06-09
C01082,male,39,,2023-07-27
C01083,Female,75,Mumbai,2023-09-14
C01084,Female,43,Chennai,2023-07-24
C01085,F,33,Hyderabad,2023-09-12
C01086,Male,57,,2023-01-11
C01087,Female,75,Bangalore,2023-01-08
C01088,male,57,Chennai,2023-02-01
C01089,F,39,Chennai,2023-01-28
C01090,Male,34,,2023-07-25
C01091,,62,Mumbai,2023-08-16
C01092,male,38,Mumbai,2023-05-08
C01093,Female,25,Mumbai,2023-09-12
C01094,Female,69,Bangalore,2023-07-31
C01095,male,42,,2023-08-27
C01096,Female,77,,2023-07-26
C01097,F,73,Mumbai,2023-11-14
C01098,Male,19,Mumbai,2023-10-10
C01099,F,65,Hyderabad,2023-09-02
C01100,Female,35,Hyderabad,2023-02-14
C01101,,26,Chennai,2023-04-15
C01102,Male,64,Chennai,2023-12-14
C01103,Male,18,,2023-10-08
C01104,male,56,,2023-08-22
C01105,male,52,Bangalore,2023-07-08
C01106,,39,Bangalore,2023-02-13
C01107,Male,28,Hyderabad,2023-08-13
C01108,,46,Chennai,2023-05-22
C01109,male,25,Hyderabad,2023-05-16
C01110,male,75,Hyderabad,2023-06-25
C01111,Male,32,Chennai,2023-05-22
C01112,F,41,Bangalore,2023-03-21
C01113,Female,69,Chennai,2023-03-23
C01114,male,68,Mumbai,2023-05-15
C01115,male,35,Mumbai,2023-07-26
C01116,F,58,Mumbai,2023-12-10
C01117,F,19,,2023-06-26
C01118,,55,Bangalore,2023-08-31
C01119,,73,Bangalore,2023-02-24
C01120,Female,68,,2023-05-21
C01121,Female,36,Hyderabad,2023-02-25
C01122,Male,79,Mumbai,2023-01-15
C01123,,78,Mumbai,2023-07-04
C01124,male,18,Hyderabad,2023-11-10
C01125,,79,Chennai,2023-03-29
C01126,male,29,Chennai,2023-04-07
C01127,F,36,Bangalore,2023-05-24
C01128,,61,,2023-01-08
C01129,F,60,Bangalore,2023-08-03
C01130,Female,28,Chennai,2023-06-22
C01131,Female,64,Hyderabad,2023-08-11
C01132,Male,34,Bangalore,2023-02-09
C01133,,64,Mumbai,2023-07-01
C01134,F,47,Mumbai,2023-09-27
C01135,male,73,Hyderabad,2023-07-06
C01136,Female,57,Chennai,2023-09-02
C01137,Female,26,Mumbai,2023-11-05
C01138,male,54,Mumbai,2023-08-19
C01139,F,34,,2023-06-04
C01140,F,52,Bangalore,2023-06-24
C01141,,17,Chennai,2023-12-02
C01142,,42,Bangalore,2023-04-25
C01143,Male,70,Chennai,2023-11-07
C01144,Female,27,Mumbai,2023-10-27
C01145,,51,,2023-01-18
C01146,F,63,Bangalore,2023-09-29
C01147,male,50,Mumbai,2023-01-12
C01148,F,68,Chennai,2023-10-28
C01149,Female,40,Bangalore,2023-07-11
C01150,F,54,Bangalore,2023-08-20
C01151,Male,57,Mumbai,2023-04-03
C01152,Female,36,Bangalore,2023-08-06
C01153,male,34,,2023-10-05
C01154,Male,22,,2023-12-19
C01155,Female,43,Mumbai,2023-10-30
C01156,male,54,Chennai,2023-01-29
C01157,Male,44,Mumbai,2023-10-28
C01158,Male,69,,2023-03-18
C01159,Female,30,Hyderabad,2023-01-09
C01160,,60,Hyderabad,2023-01-24
C01161,Male,76,Bangalore,2023-01-15
C01162,Male,21,Bangalore,2023-06-13
C01163,male,59,Hyderabad,2023-01-13
C01164,F,73,,2023-12-13
C01165,Female,70,Bangalore,2023-06-21
C01166,Female,62,Mumbai,2023-12-23
C01167,,41,Mumbai,2023-11-23
C01168,,67,,2023-07-19
C01169,Female,49,Bangalore,2023-03-17
C01170,,65,Mumbai,2023-06-13
C01171,male,51,Bangalore,2023-03-02
C01172,Female,71,Bangalore,2023-09-02
C01173,,22,Mumbai,2023-06-04
C01174,Female,34,Hyderabad,2023-09-14
C01175,F,67,Mumbai,2023-09-01
C01176,Male,26,,2023-06-11
C01177,Female,63,Chennai,2023-03-09
C01178,Male,31,Mumbai,2023-12-10
C01179,,78,Bangalore,2023-10-04
C01180,Male,56,Bangalore,2023-06-10
C01181,Female,43,Mumbai,2023-09-16
C01182,F,33,Chennai,2023-11-03
C01183,,25,Mumbai,2023-12-01
C01184,Female,64,Chennai,2023-04-05
C01185,,72,Chennai,2023-09-03
C01186,male,48,,2023-08-09
C01187,Male,34,Bangalore,2023-05-03
C01188,male,64,Bangalore,2023-07-06
C01189,Female,24,Chennai,2023-09-19
C01190,F,46,Bangalore,2023-09-30
C01191,,66,Hyderabad,2023-03-01
C01192,Male,29,Chennai,2023-05-05
C01193,,17,Bangalore,2023-12-03
C01194,Female,51,Hyderabad,2023-12-07
C01195,,54,,2023-02-20
C01196,Male,54,Bangalore,2023-06-27
C01197,Female,70,Hyderabad,2023-05-19
C01198,,37,Mumbai,2023-11-23
C01199,F,25,Mumbai,2023-06-19
C01200,Female,78,Hyderabad,2023-02-08
C01201,Female,22,Chennai,2023-03-10
C01202,F,70,Chennai,2023-08-24
C01203,male,74,Bangalore,2023-02-17
C01204,Male,24,Mumbai,2023-02-26
C01205,male,53,Chennai,2023-10-04
C01206,,42,Chennai,2023-12-04
C01207,F,63,Mumbai,2023-04-09
C01208,male,50,,2023-01-15
C01209,Female,27,Chennai,2023-11-21
C01210,,50,Hyderabad,2023-06-28
C01211,,40,Bangalore,2023-11-28
C01212,male,18,Chennai,2023-03-03
C01213,male,78,Chennai,2023-04-29
C01214,F,52,,2023-02-06
C01215,Male,36,Hyderabad,2023-05-14
C01216,male,16,Bangalore,2023-01-26
C01217,male,45,Chennai,2023-01-08
C01218,Female,25,Bangalore,2023-01-04
C01219,,60,Mumbai,2023-01-21
C01220,Male,76,Chennai,2023-05-29
C01221,Female,78,Chennai,2023-01-25
C01222,F,24,Mumbai,2023-05-23
C01223,F,54,,2023-09-02
C01224,male,38,Chennai,2023-02-12
C01225,male,58,Bangalore,2023-10-20
C01226,F,74,Hyderabad,2023-07-04
C01227,male,76,Bangalore,2023-02-11
C01228,Male,31,,2023-04-02
C01229,male,79,Hyderabad,2023-11-13
C01230,,71,Bangalore,2023-11-20
C01231,male,69,Bangalore,2023-02-22
C01232,Female,67,Mumbai,2023-03-25
C01233,Male,70,,2023-02-03
C01234,Female,23,Mumbai,2023-03-17
C01235,Female,36,Hyderabad,2023-12-19
C01236,,27,Mumbai,2023-07-16
C01237,Male,62,,2023-10-13
C01238,Male,32,Chennai,2023-03-29
C01239,Male,54,Chennai,2023-08-23
C01240,Male,31,Hyderabad,2023-08-20
C01241,Male,29,Chennai,2023-01-07
C01242,,29,Mumbai,2023-10-19
C01243,male,77,Hyderabad,2023-02-07
C01244,Female,53,,2023-02-21
C01245,Male,27,Hyderabad,2023-05-23
C01246,male,46,Hyderabad,2023-08-09
C01247,male,23,Bangalore,2023-08-28
C01248,Female,54,Bangalore,2023-05-23
C01249,,34,Hyderabad,2023-12-15
C01250,F,77,Chennai,2023-12-29
C01251,F,58,Bangalore,2023-02-18
C01252,male,52,,2023-10-04
C01253,Female,74,Mumbai,2023-09-28
C01254,F,62,Bangalore,2023-01-14
C01255,male,32,Hyderabad,2023-10-25
C01256,,30,Chennai,2023-01-15
C01257,F,69,Mumbai,2023-08-22
C01258,male,53,Bangalore,2023-03-04
C01259,male,73,Chennai,2023-07-15
C01260,Male,76,Chennai,2023-01-27
C01261,,27,Chennai,2023-04-03
C01262,Male,20,Hyderabad,2023-04-15
C01263,Female,74,,2023-11-05
C01264,Male,28,Chennai,2023-02-21
C01265,Male,68,Mumbai,2023-11-15
C01266,F,18,Bangalore,2023-06-30
C01267,male,53,Mumbai,2023-02-26
C01268,,39,Hyderabad,2023-04-30
C01269,Male,46,Hyderabad,2023-11-04
C01270,,73,Mumbai,2023-12-29
C01271,Male,77,,2023-02-12
C01272,Female,52,Hyderabad,2023-05-15
C01273,Male,67,Hyderabad,2023-09-17
C01274,F,42,Mumbai,2023-07-16
C01275,male,17,Hyderabad,2023-05-13
C01276,Female,36,,2023-09-12
C01277,Male,52,,2023-08-08
C01278,,76,,2023-12-02
C01279,Female,71,Bangalore,2023-02-10
C01280,Female,20,,2023-09-12
C01281,Male,46,,2023-01-02
C01282,Female,24,Bangalore,2023-07-14
C01283,,17,Chennai,2023-08-30
C01284,Female,73,Hyderabad,2023-05-29
C01285,,63,,2023-07-17
C01286,Male,73,Hyderabad,2023-10-26
C01287,male,45,Mumbai,2023-09-02
C01288,Female,76,Hyderabad,2023-12-04
C01289,male,66,Bangalore,2023-04-18
C01290,,55,Hyderabad,2023-07-31
C01291,Female,45,Hyderabad,2023-06-05
C01292,F,36,Hyderabad,2023-01-26
C01293,male,18,Chennai,2023-03-23
C01294,Female,27,Chennai,2023-03-24
C01295,male,59,Mumbai,2023-05-11
C01296,Female,56,Bangalore,2023-11-25
C01297,Male,63,Hyderabad,2023-04-10
C01298,male,34,Hyderabad,2023-09-13
C01299,F,68,Hyderabad,2023-02-18
C01300,F,50,Hyderabad,2023-03-04
C01301,,15,Chennai,2023-11-07
C01302,Female,29,Mumbai,2023-10-17
C01303,male,31,,2023-04-15
C01304,,38,Bangalore,2023-04-15
C01305,male,72,Hyderabad,2023-11-21
C01306,Female,37,Mumbai,2023-01-15
C01307,F,60,,2023-06-24
C01308,Male,22,Mumbai,2023-09-16
C01309,F,73,Chennai,2023-07-30
C01310,,73,,2023-09-16
C01311,Male,27,Mumbai,2023-04-12
C01312,,53,Chennai,2023-09-17
C01313,Female,42,Mumbai,2023-12-10
C01314,Male,75,Mumbai,2023-06-08
C01315,,30,,2023-02-14
C01316,Female,16,Chennai,2023-10-28
C01317,F,31,Hyderabad,2023-09-08
C01318,Female,44,Bangalore,2023-11-27
C01319,male,27,,2023-06-14
C01320,Female,27,Chennai,2023-07-12
C01321,Female,57,Mumbai,2023-01-09
C01322,male,35,Chennai,2023-03-06
C01323,,69,Bangalore,2023-10-09
C01324,,54,Bangalore,2023-06-30
C01325,Female,29,Hyderabad,2023-10-09
C01326,male,66,Hyderabad,2023-10-06
C01327,male,67,Bangalore,2023-01-30
C01328,F,66,,2023-09-23
C01329,,44,,2023-11-24
C01330,Male,47,Mumbai,2023-08-05
C01331,,71,Hyderabad,2023-11-16
C01332,,66,Mumbai,2023-04-15
C01333,F,23,Hyderabad,2023-07-03
C01334,Male,68,Bangalore,2023-11-26
C01335,F,15,,2023-05-28
C01336,Male,58,,2023-04-15
C01337,Female,23,Bangalore,2023-02-16
C01338,Male,46,Mumbai,2023-03-28
C01339,F,29,Mumbai,2023-11-05
C01340,,26,Chennai,2023-05-09
C01341,Male,71,Hyderabad,2023-09-15
C01342,Male,22,Mumbai,2023-11-10
C01343,male,41,Bangalore,2023-05-27
C01344,,76,Mumbai,2023-03-13
C01345,Female,26,,2023-05-20
C01346,F,79,Hyderabad,2023-01-27
C01347,Female,56,Chennai,2023-01-29
C01348,,76,Hyderabad,2023-09-28
C01349,Male,25,,2023-06-23
C01350,Male,57,,2023-09-10
C01351,,31,,2023-03-01
C01352,Male,46,,2023-04-17
C01353,Male,54,Bangalore,2023-08-08
C01354,Male,37,Chennai,2023-09-16
C01355,F,70,,2023-05-26
C01356,F,20,,2023-02-21
C01357,male,64,Mumbai,2023-03-01
C01358,Female,51,Chennai,2023-02-03
C01359,,78,Hyderabad,2023-04-06
C01360,,68,Chennai,2023-03-30
C01361,,63,Chennai,2023-11-12
C01362,male,25,Chennai,2023-08-19
C01363,F,63,,2023-10-02
C01364,male,35,,2023-09-03
C01365,,77,Bangalore,2023-04-21
C01366,Female,42,Hyderabad,2023-08-22
C01367,Male,31,Mumbai,2023-10-05
C01368,F,20,Chennai,2023-06-15
C01369,F,33,Hyderabad,2023-05-08
C01370,male,70,Hyderabad,2023-08-25
C01371,F,42,Bangalore,2023-10-18
C01372,,52,Mumbai,2023-04-17
C01373,,51,Chennai,2023-05-08
C01374,male,63,Mumbai,2023-07-14
C01375,,57,Bangalore,2023-12-05
C01376,Female,50,,2023-05-23
C01377,male,72,Hyderabad,2023-04-21
C01378,Female,27,Chennai,2023-03-31
C01379,Male,66,,2023-09-08
C01380,Female,72,Bangalore,2023-10-07
C01381,Male,46,Mumbai,2023-11-29
C01382,Male,74,Hyderabad,2023-08-12
C01383,Female,72,Chennai,2023-04-11
C01384,male,70,,2023-05-12
C01385,,42,,2023-01-13
C01386,,15,Hyderabad,2023-04-08
C01387,Male,56,Mumbai,2023-04-30
C01388,Male,62,Bangalore,2023-10-20
C01389,male,54,Mumbai,2023-10-31
C01390,F,77,Mumbai,2023-07-18
C01391,Female,18,Mumbai,2023-01-01
C01392,Male,52,Hyderabad,2023-03-01
C01393,,41,Hyderabad,2023-09-07
C01394,male,23,Bangalore,2023-05-20
C01395,Female,30,Mumbai,2023-05-29
C01396,male,70,Hyderabad,2023-02-13
C01397,Female,45,Bangalore,2023-07-05
C01398,Female,28,Bangalore,2023-04-18
C01399,Male,39,Mumbai,2023-02-13
C01400,male,48,Chennai,2023-03-19
C01401,male,38,Mumbai,2023-08-14
C01402,,40,Chennai,2023-06-11
C01403,,34,Bangalore,2023-10-08
C01404,Male,78,Hyderabad,2023-09-10
C01405,Male,24,,2023-05-12
C01406,F,38,Bangalore,2023-05-24
C01407,,19,Hyderabad,2023-09-23
C01408,Female,72,Bangalore,2023-04-19
C01409,male,41,Mumbai,2023-07-13
C01410,Male,29,Chennai,2023-02-04
C01411,male,49,Bangalore,2023-10-02
C01412,male,67,Hyderabad,2023-07-06
C01413,F,58,Mumbai,2023-08-31
C01414,,40,,2023-09-21
C01415,Male,61,Mumbai,2023-01-10
C01416,male,48,Chennai,2023-06-15
C01417,Male,64,Mumbai,2023-01-29
C01418,Female,26,,2023-09-28
C01419,F,18,Hyderabad,2023-03-28
C01420,Female,62,Bangalore,2023-01-23
C01421,Male,69,Chennai,2023-07-29
C01422,Male,15,,2023-02-15
C01423,,44,Chennai,2023-01-28
C01424,male,17,Mumbai,2023-01-26
C01425,male,35,Chennai,2023-09-23
C01426,Female,63,,2023-06-24
C01427,F,76,Bangalore,2023-01-04
C01428,male,52,Bangalore,2023-11-07
C01429,,29,Chennai,2023-11-18
C01430,Female,66,Hyderabad,2023-03-08
C01431,Female,60,Chennai,2023-05-15
C01432,,39,Mumbai,2023-02-24
C01433,F,35,Bangalore,2023-01-31
C01434,,19,Bangalore,2023-03-15
C01435,F,61,Bangalore,2023-01-19
C01436,,32,Hyderabad,2023-06-05
C01437,,35,Hyderabad,2023-12-03
C01438,Male,37,,2023-06-05
C01439,Female,78,Chennai,2023-05-27
C01440,,54,Chennai,2023-03-28
C01441,,24,Mumbai,2023-01-20
C01442,male,66,Bangalore,2023-09-26
C01443,Female,75,Hyderabad,2023-11-29
C01444,male,78,Mumbai,2023-02-12
C01445,Female,19,Mumbai,2023-11-02
C01446,male,67,Hyderabad,2023-01-28
C01447,,69,Chennai,2023-09-17
C01448,,51,Bangalore,2023-01-22
C01449,Male,70,Chennai,2023-04-11
C01450,male,73,Mumbai,2023-02-08
C01451,F,73,Bangalore,2023-10-17
C01452,Male,16,,2023-12-19
C01453,male,79,Mumbai,2023-10-27
C01454,male,74,Chennai,2023-06-19
C01455,Male,65,Chennai,2023-10-23
C01456,,44,Chennai,2023-12-19
C01457,male,25,Hyderabad,2023-05-10
C01458,,53,Mumbai,2023-06-05
C01459,Male,77,Bangalore,2023-03-15
C01460,,78,Chennai,2023-12-08
C01461,Female,75,Chennai,2023-03-31
C01462,F,68,Hyderabad,2023-03-08
C01463,male,72,Bangalore,2023-08-24
C01464,F,70,Mumbai,2023-07-19
C01465,,48,,2023-11-28
C01466,male,45,Hyderabad,2023-08-15
C01467,,66,Mumbai,2023-12-14
C01468,Female,15,,2023-08-21
C01469,Male,69,Chennai,2023-09-23
C01470,male,36,Chennai,2023-03-27
C01471,Female,54,Bangalore,2023-04-12
C01472,Female,15,,2023-08-02
C01473,male,79,Chennai,2023-04-18
C01474,,77,Chennai,2023-06-14
C01475,Female,68,Bangalore,2023-04-01
C01476,F,56,Mumbai,2023-07-11
C01477,Female,35,Chennai,2023-12-01
C01478,,36,Hyderabad,2023-03-27
C01479,,52,Hyderabad,2023-08-10
C01480,F,22,Mumbai,2023-12-29
C01481,Female,76,,2023-04-11
C01482,,61,Bangalore,2023-08-14
C01483,male,31,Hyderabad,2023-12-30
C01484,Male,31,Hyderabad,2023-03-01
C01485,Male,27,Mumbai,2023-09-07
C01486,Male,31,,2023-02-17
C01487,Female,52,,2023-04-27
C01488,F,59,Mumbai,2023-08-15
C01489,,20,Hyderabad,2023-12-28
C01490,male,49,Bangalore,2023-02-02
C01491,male,28,Hyderabad,2023-02-13
C01492,Female,75,,2023-06-14
C01493,Male,29,Hyderabad,2023-12-11
C01494,Female,68,Bangalore,2023-10-19
C01495,F,41,Chennai,2023-12-03
C01496,F,27,Hyderabad,2023-12-10
C01497,,45,Mumbai,2023-10-14
C01498,,49,Chennai,2023-12-30
C01499,F,74,Mumbai,2023-08-13
C01500,F,20,Mumbai,2023-10-13
C01501,F,72,Mumbai,2023-07-23
C01502,Female,63,Hyderabad,2023-06-21
C01503,F,37,,2023-01-12
C01504,male,48,Chennai,2023-11-03
C01505,Male,40,Bangalore,2023-05-01
C01506,F,61,,2023-09-01
C01507,Male,19,Hyderabad,2023-06-01
C01508,Female,34,Mumbai,2023-06-01
C01509,Male,20,Bangalore,2023-07-07
C01510,Female,73,Chennai,2023-01-13
C01511,male,78,,2023-04-01
C01512,Female,32,,2023-07-19
C01513,Female,18,Bangalore,2023-03-15
C01514,,31,Hyderabad,2023-09-13
C01515,F,28,Chennai,2023-10-03
C01516,F,27,Bangalore,2023-11-24
C01517,male,21,Mumbai,2023-11-25
C01518,male,58,Chennai,2023-03-12
C01519,F,29,,2023-03-19
C01520,,33,Bangalore,2023-10-11
C01521,F,77,,2023-05-10
C01522,,49,,2023-02-12
C01523,male,49,,2023-01-08
C01524,Male,33,Hyderabad,2023-01-13
C01525,male,34,,2023-08-01
C01526,male,49,Mumbai,2023-04-21
C01527,Female,46,Mumbai,2023-10-18
C01528,Female,62,Chennai,2023-01-23
C01529,Female,58,,2023-10-29
C01530,Female,38,,2023-09-11
C01531,,75,Bangalore,2023-01-15
C01532,F,31,Hyderabad,2023-05-10
C01533,Male,64,Chennai,2023-03-02
C01534,male,79,,2023-04-25
C01535,,46,Bangalore,2023-11-16
C01536,Male,50,Hyderabad,2023-11-04
C01537,,27,Chennai,2023-11-21
C01538,,72,Chennai,2023-03-08
C01539,male,28,,2023-09-06
C01540,F,51,Chennai,2023-06-24
C01541,Female,54,Bangalore,2023-12-05
C01542,F,73,Chennai,2023-01-02
C01543,male,30,Mumbai,2023-06-21
C01544,male,76,Bangalore,2023-11-30
C01545,male,18,Hyderabad,2023-10-11
C01546,Male,59,Hyderabad,2023-02-23
C01547,F,42,,2023-03-08
C01548,F,45,,2023-04-12
C01549,,17,Mumbai,2023-04-30
C01550,,22,Hyderabad,2023-07-10
C01551,,38,Hyderabad,2023-10-31
C01552,male,29,Hyderabad,2023-02-16
C01553,F,57,Hyderabad,2023-08-10
C01554,male,45,Chennai,2023-01-21
C01555,Male,59,Bangalore,2023-06-07
C01556,,22,Bangalore,2023-12-14
C01557,male,71,Mumbai,2023-06-08
C01558,male,44,Chennai,2023-08-23
C01559,Male,32,Hyderabad,2023-05-30
C01560,Female,53,Hyderabad,2023-09-14
C01561,F,74,,2023-06-14
C01562,Female,57,,2023-03-18
C01563,,59,Mumbai,2023-03-26
C01564,male,37,Hyderabad,2023-02-15
C01565,Male,20,Mumbai,2023-02-16
C01566,Male,70,Chennai,2023-08-01
C01567,F,18,Bangalore,2023-02-28
C01568,Female,37,Hyderabad,2023-02-23
C01569,F,20,Chennai,2023-12-08
C01570,male,46,Hyderabad,2023-01-12
C01571,F,32,,2023-07-11
C01572,Male,29,Mumbai,2023-01-06
C01573,Male,54,,2023-11-05
C01574,,20,Bangalore,2023-05-24
C01575,,77,,2023-12-12
C01576,male,25,Hyderabad,2023-09-18
C01577,Female,57,,2023-03-14
C01578,F,31,Hyderabad,2023-06-23
C01579,male,18,Bangalore,2023-08-20
C01580,,77,,2023-09-27
C01581,F,55,Mumbai,2023-12-28
C01582,,19,Mumbai,2023-08-10
C01583,F,46,Mumbai,2023-02-21
C01584,Female,49,,2023-04-26
C01585,male,36,,2023-01-26
C01586,F,79,,2023-02-22
C01587,Male,36,Hyderabad,2023-12-31
C01588,Male,25,Bangalore,2023-01-29
C01589,F,17,Mumbai,2023-01-19
C01590,F,23,Hyderabad,2023-10-30
C01591,F,74,Mumbai,2023-10-06
C01592,Male,28,Hyderabad,2023-04-27
C01593,Male,32,,2023-04-16
C01594,F,37,Mumbai,2023-11-05
C01595,,61,,2023-08-15
C01596,,61,Mumbai,2023-12-18
C01597,Female,44,Chennai,2023-07-05
C01598,male,39,Hyderabad,2023-09-18
C01599,,42,Chennai,2023-01-16
C01600,Male,39,Hyderabad,2023-09-30
C01601,,72,Bangalore,2023-06-09
C01602,Female,55,Mumbai,2023-12-24
C01603,Female,39,Bangalore,2023-09-07
C01604,male,62,Bangalore,2023-08-12
C01605,,24,Hyderabad,2023-09-13
C01606,Male,25,Chennai,2023-06-29
C01607,Male,35,,2023-01-20
C01608,F,59,Hyderabad,2023-04-22
C01609,Male,21,,2023-04-30
C01610,male,78,Bangalore,2023-07-13
C01611,male,78,,2023-04-21
C01612,Male,16,Chennai,2023-07-29
C01613,Male,56,Hyderabad,2023-01-01
C01614,F,68,Chennai,2023-02-27
C01615,Male,30,Chennai,2023-04-03
C01616,F,32,Hyderabad,2023-08-09
C01617,F,73,Chennai,2023-07-30
C01618,Male,30,Mumbai,2023-08-20
C01619,Female,20,Mumbai,2023-09-19
C01620,Female,71,Mumbai,2023-12-30
C01621,F,61,,2023-04-13
C01622,Male,62,Chennai,2023-02-19
C01623,Female,56,Hyderabad,2023-04-20
C01624,Male,74,Hyderabad,2023-03-29
C01625,Male,18,,2023-01-20
C01626,Male,16,Hyderabad,2023-01-14
C01627,,73,Mumbai,2023-05-13
C01628,Male,41,Chennai,2023-10-23
C01629,,41,Hyderabad,2023-02-03
C01630,F,21,Hyderabad,2023-07-27
C01631,Female,77,Bangalore,2023-10-28
C01632,Female,60,Bangalore,2023-07-18
C01633,Female,77,Bangalore,2023-03-21
C01634,Female,26,Chennai,2023-03-12
C01635,Female,27,Mumbai,2023-06-04
C01636,Female,57,Mumbai,2023-03-19
C01637,Female,31,Mumbai,2023-03-19
C01638,F,77,Chennai,2023-06-21
C01639,Male,50,Chennai,2023-10-16
C01640,male,22,Bangalore,2023-02-02
C01641,,50,Hyderabad,2023-10-27
C01642,male,42,,2023-10-03
C01643,male,61,,2023-01-07
C01644,Male,44,Hyderabad,2023-06-09
C01645,Male,37,Bangalore,2023-08-28
C01646,Male,30,Hyderabad,2023-01-24
C01647,Female,28,Hyderabad,2023-08-02
C01648,F,66,,2023-03-11
C01649,Female,51,Bangalore,2023-08-04
C01650,F,43,Chennai,2023-04-14
C01651,F,29,,2023-08-03
C01652,male,61,Chennai,2023-02-23
C01653,male,60,Bangalore,2023-10-21
C01654,F,66,Hyderabad,2023-11-26
C01655,F,33,Mumbai,2023-12-02
C01656,Female,35,Mumbai,2023-07-22
C01657,Female,78,Bangalore,2023-10-15
C01658,male,51,Mumbai,2023-02-14
C01659,Male,41,Chennai,2023-11-13
C01660,F,69,Mumbai,2023-07-17
C01661,Female,43,Bangalore,2023-08-04
C01662,male,34,Bangalore,2023-11-05
C01663,Female,39,Chennai,2023-11-28
C01664,F,77,Mumbai,2023-07-03
C01665,F,50,Mumbai,2023-01-27
C01666,,16,Hyderabad,2023-06-15
C01667,Male,36,,2023-11-14
C01668,,30,Bangalore,2023-10-01
C01669,male,32,Hyderabad,2023-12-31
C01670,Female,68,Bangalore,2023-04-13
C01671,male,44,Hyderabad,2023-11-29
C01672,F,59,,2023-04-14
C01673,,33,Hyderabad,2023-09-02
C01674,,48,Bangalore,2023-11-01
C01675,,27,Mumbai,2023-06-18
C01676,male,57,Bangalore,2023-04-26
C01677,F,76,Chennai,2023-05-21
C01678,Female,36,Chennai,2023-12-22
C01679,Female,66,Chennai,2023-05-05
C01680,male,66,Chennai,2023-01-25
C01681,,50,,2023-07-13
C01682,Male,33,Mumbai,2023-04-10
C01683,male,52,Mumbai,2023-01-05
C01684,male,71,Bangalore,2023-01-19
C01685,F,34,Hyderabad,2023-06-19
C01686,Female,23,Bangalore,2023-10-01
C01687,male,46,Bangalore,2023-09-11
C01688,male,18,Bangalore,2023-05-01
C01689,,64,Bangalore,2023-02-01
C01690,,19,Mumbai,2023-05-29
C01691,Male,34,Hyderabad,2023-09-23
C01692,F,51,Bangalore,2023-02-06
C01693,Male,36,Mumbai,2023-06-26
C01694,,72,Bangalore,2023-12-08
C01695,Female,58,Chennai,2023-01-13
C01696,,48,Bangalore,2023-07-02
C01697,F,56,Bangalore,2023-05-25
C01698,,23,,2023-09-22
C01699,F,21,Chennai,2023-03-29
C01700,F,33,Hyderabad,2023-02-15
C01701,F,45,Bangalore,2023-04-29
C01702,F,49,Hyderabad,2023-01-19
C01703,F,71,Chennai,2023-08-08
C01704,Female,75,Bangalore,2023-08-21
C01705,Male,45,,2023-04-04
C01706,male,67,Mumbai,2023-09-08
C01707,Male,46,,2023-09-07
C01708,F,73,,2023-10-09
C01709,Female,24,Mumbai,2023-08-20
C01710,,16,Mumbai,2023-02-15
C01711,Female,74,Mumbai,2023-02-15
C01712,F,31,Bangalore,2023-01-14
C01713,Female,30,Hyderabad,2023-03-26
C01714,Female,30,Hyderabad,2023-11-15
C01715,F,60,Mumbai,2023-11-24
C01716,Female,53,,2023-01-03
C01717,male,45,Chennai,2023-01-28
C01718,male,15,Mumbai,2023-06-06
C01719,Female,25,,2023-12-09
C01720,,18,,2023-11-29
C01721,F,40,Bangalore,2023-11-28
C01722,male,64,Bangalore,2023-06-24
C01723,,26,Hyderabad,2023-04-24
C01724,Female,79,Hyderabad,2023-11-27
C01725,,61,Chennai,2023-09-07
C01726,Male,67,Chennai,2023-02-28
C01727,male,16,Chennai,2023-07-22
C01728,Female,38,Chennai,2023-11-11
C01729,F,18,,2023-08-27
C01730,Female,33,,2023-08-22
C01731,F,40,Hyderabad,2023-10-30
C01732,Female,54,Bangalore,2023-04-05
C01733,,64,Bangalore,2023-05-21
C01734,,57,Mumbai,2023-11-30
C01735,,26,,2023-04-23
C01736,Male,41,Chennai,2023-04-19
C01737,F,68,Chennai,2023-12-28
C01738,,63,Mumbai,2023-12-11
C01739,Male,30,Bangalore,2023-10-16
C01740,F,16,Chennai,2023-04-07
C01741,Female,74,Bangalore,2023-12-01
C01742,Male,68,Mumbai,2023-01-16
C01743,male,44,Bangalore,2023-02-13
C01744,Male,52,Bangalore,2023-08-18
C01745,Male,42,Bangalore,2023-04-18
C01746,F,39,Chennai,2023-08-05
C01747,Female,24,Hyderabad,2023-09-17
C01748,male,74,,2023-11-08
C01749,,56,Bangalore,2023-11-16
C01750,,54,Bangalore,2023-07-15
C01751,Male,56,Bangalore,2023-04-05
C01752,F,61,Hyderabad,2023-02-25
C01753,F,51,Mumbai,2023-02-01
C01754,,36,Chennai,2023-08-19
C01755,male,71,Hyderabad,2023-01-09
C01756,Female,41,Bangalore,2023-07-10
C01757,male,55,Hyderabad,2023-12-27
C01758,Female,48,Hyderabad,2023-07-19
C01759,,46,Hyderabad,2023-11-30
C01760,Female,26,Mumbai,2023-06-10
C01761,F,54,,2023-03-28
C01762,Male,24,Chennai,2023-01-21
C01763,Male,62,Mumbai,2023-11-07
C01764,,34,Mumbai,2023-03-17
C01765,F,53,,2023-05-21
C01766,male,74,Mumbai,2023-05-06
C01767,F,79,Hyderabad,2023-09-08
C01768,Male,65,Hyderabad,2023-03-25
C01769,Male,50,Bangalore,2023-02-17
C01770,F,38,Mumbai,2023-03-19
C01771,F,41,Bangalore,2023-01-30
C01772,Male,16,Chennai,2023-10-12
C01773,male,45,Hyderabad,2023-05-16
C01774,,71,Chennai,2023-05-20
C01775,,43,,2023-02-10
C01776,F,29,Hyderabad,2023-10-09
C01777,,26,Chennai,2023-02-19
C01778,Male,42,,2023-09-15
C01779,Male,38,Chennai,2023-11-07
C01780,F,35,,2023-12-26
C01781,F,24,,2023-09-27
C01782,F,32,Hyderabad,2023-05-14
C01783,male,28,Bangalore,2023-08-22
C01784,,48,,2023-05-08
C01785,F,72,,2023-04-14
C01786,Female,36,Hyderabad,2023-09-11
C01787,Female,50,Bangalore,2023-04-05
C01788,Male,59,Mumbai,2023-12-03
C01789,,50,Mumbai,2023-08-05
C01790,F,36,Bangalore,2023-03-02
C01791,Female,75,Chennai,2023-09-25
C01792,,70,Hyderabad,2023-08-29
C01793,Male,47,Bangalore,2023-01-13
C01794,male,59,Mumbai,2023-05-27
C01795,,50,,2023-08-28
C01796,,34,Mumbai,2023-03-30
C01797,male,32,,2023-04-05
C01798,,52,Hyderabad,2023-11-11
C01799,Male,37,,2023-10-20
C01800,Male,30,Bangalore,2023-01-25
C01801,male,73,,2023-09-29
C01802,F,35,Chennai,2023-06-15
C01803,Female,26,Bangalore,2023-09-07
C01804,F,30,Hyderabad,2023-03-28
C01805,,28,Bangalore,2023-05-22
C01806,Female,75,Chennai,2023-05-14
C01807,male,60,Hyderabad,2023-10-06
C01808,male,46,Mumbai,2023-05-06
C01809,Female,29,Chennai,2023-11-12
C01810,Male,58,Hyderabad,2023-05-21
C01811,Female,31,,2023-12-22
C01812,,55,Bangalore,2023-04-13
C01813,Male,68,Hyderabad,2023-08-14
C01814,male,58,Bangalore,2023-03-04
C01815,Female,19,,2023-10-21
C01816,F,41,Hyderabad,2023-11-02
C01817,F,57,Mumbai,2023-09-11
C01818,,45,Chennai,2023-06-29
C01819,F,31,Hyderabad,2023-02-09
C01820,Female,68,,2023-09-21
C01821,Female,76,Hyderabad,2023-07-08
C01822,F,46,Bangalore,2023-01-08
C01823,Female,54,Hyderabad,2023-04-14
C01824,,27,Mumbai,2023-08-13
C01825,Male,49,Hyderabad,2023-02-03
C01826,,19,Chennai,2023-08-24
C01827,,43,Hyderabad,2023-08-16
C01828,Female,39,Bangalore,2023-07-07
C01829,Male,36,Hyderabad,2023-11-09
C01830,Female,59,Mumbai,2023-01-22
C01831,male,15,,2023-12-09
C01832,Female,58,Hyderabad,2023-02-09
C01833,Female,53,Hyderabad,2023-06-22
C01834,Female,68,Chennai,2023-06-28
C01835,Male,43,Mumbai,2023-03-27
C01836,Female,68,,2023-05-13
C01837,Male,30,Bangalore,2023-12-17
C01838,F,34,Hyderabad,2023-01-13
C01839,male,60,,2023-01-28
C01840,Male,79,Bangalore,2023-03-25
C01841,F,72,Mumbai,2023-11-14
C01842,Male,67,Mumbai,2023-12-15
C01843,Male,15,,2023-12-09
C01844,male,43,Bangalore,2023-10-07
C01845,,22,Mumbai,2023-12-20
C01846,,43,,2023-09-20
C01847,Male,65,Mumbai,2023-06-15
C01848,Female,47,Mumbai,2023-10-20
C01849,F,17,Mumbai,2023-03-09
C01850,Female,74,Chennai,2023-08-14
C01851,Female,49,Bangalore,2023-06-19
C01852,Male,34,,2023-03-27
C01853,Male,53,,2023-05-13
C01854,Male,18,Bangalore,2023-06-27
C01855,Male,33,Bangalore,2023-12-09
C01856,,59,Bangalore,2023-09-09
C01857,Male,57,Bangalore,2023-01-15
C01858,,27,Hyderabad,2023-08-11
C01859,,27,,2023-07-20
C01860,Male,74,Hyderabad,2023-04-17
C01861,male,71,Mumbai,2023-09-07
C01862,F,66,Mumbai,2023-03-30
C01863,Female,67,,2023-05-05
C01864,,57,Mumbai,2023-04-23
C01865,F,56,Bangalore,2023-05-17
C01866,male,40,Hyderabad,2023-09-04
C01867,Female,37,Bangalore,2023-06-15
C01868,Female,57,Mumbai,2023-05-30
C01869,,42,Hyderabad,2023-12-29
C01870,Male,23,Bangalore,2023-12-09
C01871,male,34,,2023-03-09
C01872,,70,Bangalore,2023-08-09
C01873,male,53,Mumbai,2023-09-28
C01874,Male,65,Hyderabad,2023-11-17
C01875,Male,26,,2023-11-06
C01876,,69,Hyderabad,2023-12-15
C01877,Male,25,,2023-01-20
C01878,F,40,Hyderabad,2023-10-16
C01879,Female,56,Mumbai,2023-04-10
C01880,,41,,2023-09-09
C01881,male,25,Chennai,2023-03-18
C01882,F,52,Hyderabad,2023-05-15
C01883,,57,Hyderabad,2023-06-22
C01884,Male,33,Bangalore,2023-12-29
C01885,Male,78,,2023-07-20
C01886,Male,20,Chennai,2023-08-05
C01887,Male,60,Mumbai,2023-07-27
C01888,male,56,Bangalore,2023-03-15
C01889,F,79,Chennai,2023-01-11
C01890,Female,73,,2023-10-14
C01891,male,66,Chennai,2023-09-13
C01892,male,61,Hyderabad,2023-01-12
C01893,Female,21,Hyderabad,2023-03-19
C01894,Female,25,Bangalore,2023-06-21
C01895,Male,75,,2023-04-06
C01896,male,39,,2023-11-02
C01897,,26,Chennai,2023-09-30
C01898,Female,40,Bangalore,2023-06-28
C01899,Female,26,,2023-03-05
C01900,F,57,Hyderabad,2023-05-12
C01901,,65,Chennai,2023-12-09
C01902,,51,Mumbai,2023-09-29
C01903,Female,60,Hyderabad,2023-11-15
C01904,Male,67,Bangalore,2023-11-28
C01905,F,27,,2023-12-07
C01906,,68,Hyderabad,2023-04-19
C01907,Female,71,Mumbai,2023-09-30
C01908,,18,Mumbai,2023-06-17
C01909,F,63,Bangalore,2023-06-29
C01910,F,21,Hyderabad,2023-02-27
C01911,male,25,Chennai,2023-03-20
C01912,Female,68,Hyderabad,2023-03-02
C01913,F,59,Mumbai,2023-05-01
C01914,male,37,Bangalore,2023-07-26
C01915,male,42,Bangalore,2023-02-03
C01916,,71,Chennai,2023-03-11
C01917,,40,Bangalore,2023-01-17
C01918,male,39,Bangalore,2023-01-20
C01919,,68,Bangalore,2023-11-11
C01920,F,43,Bangalore,2023-03-10
C01921,Male,50,Bangalore,2023-08-03
C01922,F,28,Mumbai,2023-06-10
C01923,male,49,Hyderabad,2023-04-12
C01924,male,44,,2023-07-25
C01925,F,31,Bangalore,2023-05-25
C01926,,44,,2023-02-26
C01927,,59,,2023-03-24
C01928,male,65,Mumbai,2023-09-26
C01929,Female,61,Bangalore,2023-07-06
C01930,,67,,2023-01-06
C01931,F,78,Bangalore,2023-12-19
C01932,,52,Chennai,2023-12-16
C01933,F,78,Chennai,2023-04-20
C01934,male,21,Chennai,2023-05-18
C01935,,36,,2023-02-20
C01936,F,55,Chennai,2023-02-20
C01937,male,24,Mumbai,2023-03-28
C01938,Female,71,Mumbai,2023-03-09
C01939,F,21,,2023-03-25
C01940,Female,64,Bangalore,2023-02-11
C01941,Female,66,Hyderabad,2023-08-07
C01942,Male,47,Bangalore,2023-02-26
C01943,,15,Bangalore,2023-08-14
C01944,F,67,Bangalore,2023-07-15
C01945,Female,74,Bangalore,2023-09-05
C01946,Male,48,Hyderabad,2023-06-15
C01947,male,18,Chennai,2023-03-03
C01948,F,31,Bangalore,2023-09-20
C01949,Female,18,Mumbai,2023-04-22
C01950,,57,,2023-09-10
C01951,Male,18,,2023-07-18
C01952,Female,15,Mumbai,2023-06-27
C01953,,64,Bangalore,2023-01-26
C01954,Female,75,Hyderabad,2023-09-03
C01955,F,49,Chennai,2023-01-19
C01956,F,22,,2023-09-22
C01957,F,38,Chennai,2023-11-13
C01958,Male,50,Hyderabad,2023-01-20
C01959,F,64,,2023-04-16
C01960,,57,Chennai,2023-08-25
C01961,Female,41,Hyderabad,2023-11-02
C01962,male,46,Chennai,2023-09-03
C01963,,32,Bangalore,2023-03-22
C01964,,42,Hyderabad,2023-05-30
C01965,F,43,Chennai,2023-01-10
C01966,Male,30,Bangalore,2023-11-17
C01967,Female,61,Bangalore,2023-08-12
C01968,Male,73,Hyderabad,2023-09-21
C01969,Female,45,Mumbai,2023-05-29
C01970,Female,18,,2023-10-05
C01971,Male,51,Hyderabad,2023-10-01
C01972,,31,Bangalore,2023-07-13
C01973,Female,53,Bangalore,2023-06-21
C01974,Male,62,Hyderabad,2023-09-22
C01975,Female,60,Mumbai,2023-11-06
C01976,male,62,,2023-01-26
C01977,,53,Chennai,2023-12-16
C01978,F,18,Hyderabad,2023-12-22
C01979,Female,44,,2023-01-26
C01980,male,44,,2023-02-03
C01981,F,36,Bangalore,2023-09-21
C01982,F,26,Chennai,2023-05-18
C01983,Female,50,Hyderabad,2023-10-31
C01984,Male,32,Bangalore,2023-07-02
C01985,Female,67,Bangalore,2023-12-29
C01986,male,15,Mumbai,2023-08-30
C01987,F,72,,2023-02-23
C01988,Female,20,Hyderabad,2023-06-17
C01989,Male,58,Hyderabad,2023-04-29
C01990,Female,38,Hyderabad,2023-05-23
C01991,,33,Bangalore,2023-03-22
C01992,Male,32,Mumbai,2023-09-02
C01993,male,44,Chennai,2023-12-18
C01994,F,56,Bangalore,2023-12-24
C01995,Female,47,Chennai,2023-03-03
C01996,Male,26,Mumbai,2023-02-15
C01997,,41,,2023-03-28
C01998,Male,53,Hyderabad,2023-04-09
C01999,,23,Chennai,2023-10-22
C02000,male,35,Bangalore,2023-02-22
C02001,F,43,Chennai,2023-07-11
C02002,male,47,,2023-03-21
C02003,Female,76,Hyderabad,2023-01-16
C02004,Male,29,Chennai,2023-12-26
C02005,,16,,2023-11-22
C02006,,66,Bangalore,2023-07-13
C02007,Male,58,Mumbai,2023-05-21
C02008,Male,68,Bangalore,2023-04-18
C02009,Female,32,Hyderabad,2023-10-30
C02010,male,17,Bangalore,2023-09-22
C02011,,21,Bangalore,2023-10-17
C02012,Female,57,Bangalore,2023-07-28
C02013,male,52,Bangalore,2023-06-14
C02014,Female,51,Hyderabad,2023-12-08
C02015,,72,,2023-11-16
C02016,Male,47,Chennai,2023-06-01
C02017,Male,73,Mumbai,2023-10-17
C02018,male,25,Chennai,2023-09-25
C02019,F,36,Chennai,2023-05-31
C02020,male,58,Mumbai,2023-07-26
C02021,F,20,Hyderabad,2023-09-12
C02022,Female,56,Mumbai,2023-12-19
C02023,Female,39,Hyderabad,2023-05-21
C02024,,71,Chennai,2023-12-09
C02025,F,69,Hyderabad,2023-12-24
C02026,,30,,2023-04-06
C02027,Male,28,Mumbai,2023-08-15
C02028,F,53,,2023-07-12
C02029,male,42,Chennai,2023-10-30
C02030,Male,65,Mumbai,2023-11-10
C02031,Male,63,Chennai,2023-04-28
C02032,male,23,,2023-01-05
C02033,Male,72,Chennai,2023-12-18
C02034,F,59,Mumbai,2023-08-31
C02035,,36,Mumbai,2023-01-21
C02036,Male,46,Chennai,2023-06-01
C02037,F,56,Mumbai,2023-05-08
C02038,Female,67,Mumbai,2023-05-04
C02039,F,73,Chennai,2023-05-26
C02040,,53,,2023-10-04
C02041,F,29,Mumbai,2023-11-06
C02042,male,43,Mumbai,2023-06-01
C02043,,17,Mumbai,2023-12-26
C02044,Female,24,Mumbai,2023-04-21
C02045,male,43,Chennai,2023-04-26
C02046,F,49,,2023-07-07
C02047,,20,,2023-02-26
C02048,Female,26,Hyderabad,2023-09-08
C02049,male,52,Mumbai,2023-05-30
C02050,Female,33,Mumbai,2023-06-11
C02051,F,22,Hyderabad,2023-04-30
C02052,Female,22,,2023-03-11
C02053,Male,61,Bangalore,2023-12-17
C02054,male,18,Bangalore,2023-04-09
C02055,Female,65,,2023-06-16
C02056,F,59,Mumbai,2023-10-25
C02057,F,22,Bangalore,2023-05-31
C02058,Female,30,Chennai,2023-11-22
C02059,F,23,Chennai,2023-01-02
C02060,,74,Hyderabad,2023-06-01
C02061,,29,,2023-12-31
C02062,,55,,2023-03-06
C02063,Male,36,Bangalore,2023-11-22
C02064,Female,38,Mumbai,2023-03-10
C02065,Male,58,,2023-05-01
C02066,F,15,Bangalore,2023-04-19
C02067,Male,24,Bangalore,2023-11-12
C02068,F,70,,2023-09-04
C02069,F,64,Bangalore,2023-04-03
C02070,male,26,Hyderabad,2023-09-25
C02071,,74,Hyderabad,2023-04-13
C02072,F,40,,2023-04-22
C02073,male,55,Mumbai,2023-11-17
C02074,,50,Hyderabad,2023-10-31
C02075,F,37,Hyderabad,2023-12-10
C02076,F,57,,2023-03-03
C02077,Male,20,Chennai,2023-10-27
C02078,Male,57,Bangalore,2023-05-16
C02079,,39,Hyderabad,2023-02-24
C02080,F,32,Chennai,2023-04-18
C02081,Female,76,Mumbai,2023-10-30
C02082,Male,27,Chennai,2023-09-15
C02083,,57,,2023-09-10
C02084,F,42,Mumbai,2023-08-10
C02085,F,32,Mumbai,2023-06-16
C02086,Female,73,Chennai,2023-06-09
C02087,,74,,2023-06-15
C02088,F,77,Hyderabad,2023-07-24
C02089,Male,71,Chennai,2023-09-24
C02090,Female,65,Hyderabad,2023-05-18
C02091,,70,Chennai,2023-12-12
C02092,Female,41,Hyderabad,2023-09-05
C02093,Male,46,Chennai,2023-02-24
C02094,,23,Mumbai,2023-07-28
C02095,Female,60,Bangalore,2023-01-17
C02096,male,40,Mumbai,2023-03-09
C02097,Male,22,Hyderabad,2023-05-13
C02098,Male,20,,2023-07-07
C02099,Male,38,Mumbai,2023-11-04
C02100,male,62,Bangalore,2023-05-18
C02101,male,59,Hyderabad,2023-06-23
C02102,F,27,Mumbai,2023-04-07
C02103,Female,39,Chennai,2023-06-20
C02104,F,34,,2023-06-03
C02105,Female,59,Hyderabad,2023-07-02
C02106,male,61,Mumbai,2023-08-30
C02107,male,77,Hyderabad,2023-10-31
C02108,F,69,Chennai,2023-10-12
C02109,,33,Bangalore,2023-01-27
C02110,F,49,Mumbai,2023-12-26
C02111,Female,67,Hyderabad,2023-03-01
C02112,F,40,Hyderabad,2023-07-21
C02113,Male,28,Hyderabad,2023-09-07
C02114,Female,59,Bangalore,2023-12-28
C02115,Female,58,Hyderabad,2023-03-10
C02116,,79,,2023-01-21
C02117,male,65,,2023-06-01
C02118,Female,57,Hyderabad,2023-04-12
C02119,male,37,,2023-04-05
C02120,F,70,Mumbai,2023-12-27
C02121,Male,33,,2023-08-17
C02122,,69,Hyderabad,2023-05-05
C02123,male,74,Chennai,2023-09-15
C02124,Female,73,Mumbai,2023-11-18
C02125,male,47,Bangalore,2023-08-24
C02126,Female,33,Hyderabad,2023-06-11
C02127,male,42,Bangalore,2023-02-11
C02128,Female,66,Chennai,2023-10-03
C02129,F,63,Bangalore,2023-12-19
C02130,Female,51,Hyderabad,2023-03-09
C02131,Female,40,Hyderabad,2023-06-22
C02132,Male,54,Chennai,2023-11-27
C02133,Female,52,Hyderabad,2023-05-05
C02134,Male,68,Chennai,2023-06-19
C02135,,36,Chennai,2023-02-16
C02136,Male,30,Hyderabad,2023-09-18
C02137,F,42,,2023-08-05
C02138,Male,49,Chennai,2023-11-01
C02139,,74,Hyderabad,2023-05-04
C02140,F,59,,2023-10-20
C02141,male,60,Chennai,2023-06-11
C02142,male,69,,2023-07-20
C02143,Male,40,Mumbai,2023-10-02
C02144,Male,39,Mumbai,2023-07-25
C02145,,79,,2023-02-09
C02146,,20,Chennai,2023-09-30
C02147,Female,37,Hyderabad,2023-07-07
C02148,,78,Bangalore,2023-12-21
C02149,Female,57,Hyderabad,2023-04-03
C02150,F,37,Bangalore,2023-02-11
C02151,Male,44,Bangalore,2023-04-17
C02152,F,32,Chennai,2023-11-24
C02153,,35,,2023-03-06
C02154,F,71,Hyderabad,2023-12-31
C02155,F,37,,2023-11-05
C02156,F,59,Mumbai,2023-05-15
C02157,,58,Chennai,2023-01-24
C02158,F,61,Chennai,2023-01-28
C02159,Female,54,Mumbai,2023-03-03
C02160,,65,Hyderabad,2023-09-30
C02161,F,56,Mumbai,2023-08-17
C02162,,21,Hyderabad,2023-01-20
C02163,male,64,Bangalore,2023-01-03
C02164,Female,62,Chennai,2023-08-06
C02165,F,20,Hyderabad,2023-11-03
C02166,male,23,,2023-05-16
C02167,male,71,,2023-01-03
C02168,,45,Chennai,2023-07-12
C02169,male,35,Mumbai,2023-03-14
C02170,Female,54,Mumbai,2023-12-27
C02171,Female,59,Hyderabad,2023-04-28
C02172,Male,63,Mumbai,2023-06-03
C02173,Female,34,Chennai,2023-07-28
C02174,male,31,Hyderabad,2023-02-03
C02175,Female,42,Bangalore,2023-05-17
C02176,,55,Mumbai,2023-11-14
C02177,Male,39,Mumbai,2023-04-30
C02178,male,72,Hyderabad,2023-04-25
C02179,Male,55,,2023-01-13
C02180,male,20,Mumbai,2023-03-10
C02181,,52,Chennai,2023-11-29
C02182,Male,20,Mumbai,2023-09-14
C02183,F,59,Bangalore,2023-03-30
C02184,male,28,Mumbai,2023-02-16
C02185,F,54,,2023-09-17
C02186,Male,17,Mumbai,2023-08-16
C02187,F,38,Hyderabad,2023-06-29
C02188,F,33,Mumbai,2023-01-10
C02189,Male,32,,2023-10-11
C02190,,78,Hyderabad,2023-05-06
C02191,F,49,Chennai,2023-05-14
C02192,F,76,Hyderabad,2023-06-04
C02193,,15,Bangalore,2023-09-05
C02194,F,39,Hyderabad,2023-05-20
C02195,F,59,Chennai,2023-11-14
C02196,F,63,Mumbai,2023-06-25
C02197,Female,30,Hyderabad,2023-11-19
C02198,,33,Hyderabad,2023-06-23
C02199,F,37,Hyderabad,2023-03-15
C02200,,39,Hyderabad,2023-12-17
C02201,male,30,Chennai,2023-05-23
C02202,male,68,,2023-10-19
C02203,F,15,,2023-04-22
C02204,,56,Hyderabad,2023-07-25
C02205,,33,Chennai,2023-05-11
C02206,,48,Chennai,2023-04-20
C02207,Female,69,Hyderabad,2023-03-08
C02208,male,32,Bangalore,2023-03-27
C02209,,48,Hyderabad,2023-10-02
C02210,,59,Bangalore,2023-08-15
C02211,Female,20,Hyderabad,2023-11-21
C02212,Female,35,Bangalore,2023-01-10
C02213,,62,Bangalore,2023-12-21
C02214,Male,53,Hyderabad,2023-10-15
C02215,,45,Bangalore,2023-04-22
C02216,,24,Mumbai,2023-01-24
C02217,Female,44,,2023-10-18
C02218,Female,32,Chennai,2023-12-05
C02219,,74,Bangalore,2023-11-22
C02220,,29,Bangalore,2023-06-17
C02221,,18,Chennai,2023-04-19
C02222,Female,77,Bangalore,2023-07-09
C02223,,54,Chennai,2023-12-21
C02224,,23,Hyderabad,2023-07-15
C02225,F,23,Mumbai,2023-02-02
C02226,Male,40,Mumbai,2023-07-24
C02227,male,18,,2023-11-08
C02228,Male,30,Bangalore,2023-07-01
C02229,F,29,,2023-05-27
C02230,male,66,Hyderabad,2023-09-25
C02231,,19,Mumbai,2023-01-11
C02232,F,34,Hyderabad,2023-03-11
C02233,,32,Hyderabad,2023-09-13
C02234,Female,16,Bangalore,2023-08-07
C02235,F,27,Hyderabad,2023-10-24
C02236,Female,18,Mumbai,2023-12-28
C02237,F,56,,2023-09-16
C02238,F,75,Mumbai,2023-01-03
C02239,Female,22,Bangalore,2023-03-25
C02240,male,77,Mumbai,2023-06-05
C02241,Male,23,Chennai,2023-05-31
C02242,,25,,2023-06-25
C02243,F,56,Chennai,2023-07-14
C02244,,27,Chennai,2023-04-17
C02245,Female,50,Bangalore,2023-05-14
C02246,,27,Hyderabad,2023-10-03
C02247,Female,26,Chennai,2023-12-18
C02248,,51,Mumbai,2023-06-04
C02249,Male,66,Hyderabad,2023-10-04
C02250,Male,16,Mumbai,2023-08-24
C02251,Male,70,Mumbai,2023-08-28
C02252,Male,74,Hyderabad,2023-01-13
C02253,Male,37,Hyderabad,2023-12-08
C02254,Male,54,Mumbai,2023-02-04
C02255,Female,78,Bangalore,2023-02-16
C02256,F,37,,2023-08-02
C02257,,43,,2023-05-26
C02258,Male,65,Bangalore,2023-06-08
C02259,Female,45,Hyderabad,2023-05-05
C02260,Female,64,Mumbai,2023-04-20
C02261,Female,34,,2023-02-06
C02262,F,69,Mumbai,2023-10-04
C02263,,16,Bangalore,2023-01-14
C02264,F,39,Mumbai,2023-12-13
C02265,male,27,Bangalore,2023-08-20
C02266,Female,72,Hyderabad,2023-11-12
C02267,male,78,Bangalore,2023-05-04
C02268,Male,73,Bangalore,2023-10-06
C02269,Male,74,,2023-04-21
C02270,F,76,Mumbai,2023-05-04
C02271,,30,,2023-01-30
C02272,male,29,Chennai,2023-04-25
C02273,,69,Bangalore,2023-03-31
C02274,F,49,Chennai,2023-07-31
C02275,Male,69,,2023-02-07
C02276,,28,Mumbai,2023-03-24
C02277,,63,,2023-01-27
C02278,Male,21,Mumbai,2023-08-05
C02279,male,44,Mumbai,2023-12-26
C02280,Male,63,Hyderabad,2023-08-03
C02281,,30,Bangalore,2023-08-09
C02282,male,65,,2023-01-15
C02283,male,56,Mumbai,2023-09-16
C02284,Male,31,,2023-09-23
C02285,,77,,2023-04-30
C02286,F,59,Mumbai,2023-05-08
C02287,,21,Chennai,2023-07-30
C02288,Female,41,Bangalore,2023-01-11
C02289,F,24,Bangalore,2023-06-25
C02290,male,48,Hyderabad,2023-05-13
C02291,F,50,Hyderabad,2023-11-21
C02292,male,39,Hyderabad,2023-11-16
C02293,male,20,Bangalore,2023-01-14
C02294,F,38,Chennai,2023-02-19
C02295,male,32,Bangalore,2023-03-13
C02296,male,20,Bangalore,2023-03-10
C02297,Female,43,Bangalore,2023-01-16
C02298,,39,Bangalore,2023-11-30
C02299,,69,Chennai,2023-12-23
C02300,Female,60,Hyderabad,2023-02-25
C02301,F,38,,2023-04-15
C02302,Male,40,Hyderabad,2023-05-12
C02303,Male,42,Hyderabad,2023-02-17
C02304,Male,17,,2023-09-05
C02305,Female,52,Bangalore,2023-09-30
C02306,Female,75,Chennai,2023-04-21
C02307,male,65,Chennai,2023-11-22
C02308,Male,62,Hyderabad,2023-12-02
C02309,F,35,,2023-12-15
C02310,F,68,Mumbai,2023-02-07
C02311,Male,70,Bangalore,2023-12-23
C02312,Male,73,Hyderabad,2023-08-28
C02313,Male,65,Chennai,2023-11-14
C02314,Female,34,,2023-05-01
C02315,Female,73,,2023-02-17
C02316,Female,23,Hyderabad,2023-01-10
C02317,,15,Mumbai,2023-08-21
C02318,F,43,Chennai,2023-02-05
C02319,F,77,Hyderabad,2023-01-04
C02320,male,70,Mumbai,2023-02-13
C02321,Female,49,,2023-02-25
C02322,,17,Bangalore,2023-02-11
C02323,,21,Chennai,2023-09-12
C02324,F,41,Chennai,2023-08-16
C02325,Female,15,Mumbai,2023-04-24
C02326,male,58,Hyderabad,2023-08-25
C02327,Female,55,,2023-06-23
C02328,Male,56,Mumbai,2023-09-12
C02329,Female,47,Bangalore,2023-10-04
C02330,Male,64,Bangalore,2023-12-01
C02331,Male,77,Bangalore,2023-03-10
C02332,male,51,Mumbai,2023-11-22
C02333,F,73,,2023-08-18
C02334,Female,62,Chennai,2023-03-08
C02335,Male,19,Hyderabad,2023-10-31
C02336,Female,62,Chennai,2023-02-05
C02337,F,17,,2023-06-08
C02338,F,61,Chennai,2023-05-29
C02339,,76,Mumbai,2023-01-27
C02340,F,28,Bangalore,2023-03-13
C02341,male,77,,2023-09-05
C02342,Male,75,,2023-04-11
C02343,,45,Chennai,2023-07-09
C02344,male,31,Mumbai,2023-04-06
C02345,Female,38,Chennai,2023-10-09
C02346,Male,37,Chennai,2023-11-18
C02347,F,64,,2023-10-05
C02348,Male,41,Chennai,2023-01-17
C02349,Female,29,Bangalore,2023-09-20
C02350,,64,Chennai,2023-04-17
C02351,,50,Bangalore,2023-03-09
C02352,,22,,2023-05-08
C02353,F,17,Mumbai,2023-10-20
C02354,male,76,Bangalore,2023-10-21
C02355,male,61,Mumbai,2023-04-06
C02356,Male,75,Mumbai,2023-01-01
C02357,F,46,Bangalore,2023-10-25
C02358,,27,,2023-06-29
C02359,,15,Hyderabad,2023-06-30
C02360,Female,48,Mumbai,2023-08-23
C02361,Female,76,Mumbai,2023-11-15
C02362,,45,,2023-12-03
C02363,,78,,2023-01-08
C02364,F,39,Chennai,2023-01-27
C02365,male,52,,2023-11-04
C02366,Female,28,Mumbai,2023-05-26
C02367,male,22,Bangalore,2023-04-01
C02368,F,68,Hyderabad,2023-12-08
C02369,,16,Chennai,2023-09-29
C02370,male,70,Bangalore,2023-11-18
C02371,,75,Hyderabad,2023-01-05
C02372,,36,Hyderabad,2023-03-23
C02373,Male,49,Hyderabad,2023-08-07
C02374,male,30,Bangalore,2023-04-28
C02375,male,64,Chennai,2023-03-22
C02376,,57,Chennai,2023-03-11
C02377,F,31,Hyderabad,2023-04-25
C02378,Male,72,Bangalore,2023-09-20
C02379,,16,Hyderabad,2023-11-02
C02380,Female,18,,2023-05-22
C02381,Female,53,Chennai,2023-07-26
C02382,Male,20,Mumbai,2023-04-21
C02383,F,34,Hyderabad,2023-10-30
C02384,,78,,2023-04-22
C02385,male,30,Chennai,2023-02-12
C02386,Male,65,Bangalore,2023-12-13
C02387,F,51,Chennai,2023-10-12
C02388,male,56,Bangalore,2023-05-08
C02389,Female,71,Bangalore,2023-07-04
C02390,Female,23,Hyderabad,2023-08-17
C02391,male,78,Hyderabad,2023-08-09
C02392,Male,36,Chennai,2023-12-18
C02393,Female,48,,2023-04-27
C02394,,69,Chennai,2023-03-11
C02395,male,43,Mumbai,2023-03-11
C02396,male,52,Bangalore,2023-04-20
C02397,Female,32,Bangalore,2023-05-12
C02398,Male,79,Hyderabad,2023-02-25
C02399,,15,,2023-03-30
C02400,Male,18,Hyderabad,2023-05-17
C02401,F,18,Mumbai,2023-05-11
C02402,F,41,Chennai,2023-08-06
C02403,Female,57,Chennai,2023-06-25
C02404,Female,73,,2023-06-20
C02405,Female,46,Hyderabad,2023-04-10
C02406,F,47,Hyderabad,2023-05-09
C02407,Male,42,Mumbai,2023-02-26
C02408,Male,69,Chennai,2023-06-30
C02409,Female,74,Hyderabad,2023-09-03
C02410,,76,,2023-05-24
C02411,Male,48,Chennai,2023-02-20
C02412,F,70,Mumbai,2023-08-06
C02413,male,27,,2023-04-14
C02414,male,70,Bangalore,2023-02-24
C02415,male,32,Mumbai,2023-09-14
C02416,,68,,2023-12-12
C02417,Female,57,Hyderabad,2023-06-05
C02418,F,53,Bangalore,2023-02-22
C02419,,75,Mumbai,2023-11-25
C02420,F,56,Hyderabad,2023-07-06
C02421,F,32,Bangalore,2023-12-30
C02422,Female,37,Chennai,2023-05-30
C02423,male,68,Hyderabad,2023-09-21
C02424,Female,44,,2023-09-07
C02425,,72,Mumbai,2023-10-25
C02426,,32,Bangalore,2023-07-30
C02427,,21,Hyderabad,2023-01-25
C02428,Female,54,Chennai,2023-10-21
C02429,F,79,Mumbai,2023-12-07
C02430,F,63,Mumbai,2023-06-01
C02431,Male,66,Hyderabad,2023-01-24
C02432,,43,Chennai,2023-09-09
C02433,F,35,Bangalore,2023-03-01
C02434,Male,23,Hyderabad,2023-03-07
C02435,F,61,Bangalore,2023-02-22
C02436,,56,Mumbai,2023-04-16
C02437,male,65,Bangalore,2023-04-06
C02438,,70,Chennai,2023-06-25
C02439,Female,65,,2023-02-08
C02440,F,34,Chennai,2023-06-17
C02441,F,41,Bangalore,2023-02-11
C02442,Female,52,Hyderabad,2023-04-14
C02443,Female,79,Mumbai,2023-11-29
C02444,male,68,,2023-07-23
C02445,F,38,Hyderabad,2023-01-08
C02446,F,61,Hyderabad,2023-10-09
C02447,male,77,Chennai,2023-02-12
C02448,Male,71,Bangalore,2023-04-20
C02449,male,69,Chennai,2023-07-29
C02450,,74,Bangalore,2023-08-25
C02451,F,76,Chennai,2023-12-22
C02452,Female,44,Hyderabad,2023-11-15
C02453,,36,Mumbai,2023-02-18
C02454,F,43,Bangalore,2023-04-25
C02455,male,55,,2023-06-04
C02456,,56,,2023-05-17
C02457,F,79,Hyderabad,2023-06-16
C02458,Male,45,Chennai,2023-11-17
C02459,Male,44,Chennai,2023-07-18
C02460,Female,32,Hyderabad,2023-03-12
C02461,F,31,,2023-01-07
C02462,Male,52,,2023-07-19
C02463,male,28,Chennai,2023-12-02
C02464,F,70,Bangalore,2023-03-08
C02465,male,36,Mumbai,2023-05-18
C02466,male,70,Bangalore,2023-08-30
C02467,Male,33,,2023-08-01
C02468,F,71,Bangalore,2023-06-30
C02469,,58,Mumbai,2023-09-11
C02470,Male,49,Bangalore,2023-04-11
C02471,Male,15,Bangalore,2023-12-17
C02472,F,66,Bangalore,2023-03-28
C02473,F,51,Bangalore,2023-07-04
C02474,male,79,Hyderabad,2023-04-01
C02475,F,65,,2023-09-05
C02476,male,15,Mumbai,2023-08-02
C02477,Male,35,,2023-12-25
C02478,Female,67,Hyderabad,2023-09-06
C02479,,30,Hyderabad,2023-05-06
C02480,Male,75,Hyderabad,2023-01-04
C02481,F,68,Hyderabad,2023-03-29
C02482,,54,Bangalore,2023-05-31
C02483,Female,40,,2023-06-25
C02484,Female,79,Chennai,2023-07-30
C02485,male,78,Mumbai,2023-09-16
C02486,,57,Hyderabad,2023-04-01
C02487,male,31,,2023-09-16
C02488,Male,73,Hyderabad,2023-07-10
C02489,,37,Hyderabad,2023-03-22
C02490,Male,21,Hyderabad,2023-05-18
C02491,male,58,Hyderabad,2023-12-16
C02492,,67,Hyderabad,2023-05-06
C02493,male,48,Mumbai,2023-12-22
C02494,,60,,2023-11-05
C02495,male,30,Hyderabad,2023-12-09
C02496,Female,33,Hyderabad,2023-08-18
C02497,male,16,Hyderabad,2023-12-11
C02498,Female,24,Hyderabad,2023-11-06
C02499,male,64,Bangalore,2023-01-20
C02500,,26,Bangalore,2023-02-18
C02501,,36,Chennai,2023-05-15
C02502,,46,Hyderabad,2023-01-29
C02503,F,15,Chennai,2023-02-17
C02504,Male,68,Mumbai,2023-09-26
C02505,,72,Chennai,2023-01-03
C02506,Female,32,,2023-09-15
C02507,,20,Bangalore,2023-01-16
C02508,F,59,Bangalore,2023-04-04
C02509,Female,37,Hyderabad,2023-12-24
C02510,F,37,Hyderabad,2023-05-14
C02511,Female,40,Mumbai,2023-10-28
C02512,male,21,Mumbai,2023-11-23
C02513,Male,58,,2023-05-13
C02514,Male,41,Hyderabad,2023-11-08
C02515,F,40,Hyderabad,2023-02-01
C02516,Male,50,Mumbai,2023-11-01
C02517,F,69,Mumbai,2023-09-26
C02518,F,78,Mumbai,2023-01-25
C02519,F,71,Bangalore,2023-11-12
C02520,Male,75,Chennai,2023-02-28
C02521,F,16,Chennai,2023-08-01
C02522,Male,69,Hyderabad,2023-06-05
C02523,F,52,Bangalore,2023-11-10
C02524,,43,Mumbai,2023-10-03
C02525,F,40,Hyderabad,2023-07-29
C02526,Female,49,Bangalore,2023-02-26
C02527,F,43,,2023-07-04
C02528,male,48,Bangalore,2023-02-23
C02529,F,55,Hyderabad,2023-07-28
C02530,Female,55,Chennai,2023-12-08
C02531,Female,37,Mumbai,2023-10-20
C02532,Male,17,,2023-12-06
C02533,,72,Bangalore,2023-10-31
C02534,F,46,Hyderabad,2023-09-09
C02535,Male,45,Hyderabad,2023-10-31
C02536,,57,Mumbai,2023-04-22
C02537,F,21,Hyderabad,2023-01-06
C02538,male,15,Hyderabad,2023-07-10
C02539,F,75,Mumbai,2023-11-30
C02540,Female,28,,2023-10-06
C02541,Female,66,Chennai,2023-12-06
C02542,male,20,Chennai,2023-01-13
C02543,Male,24,Bangalore,2023-10-30
C02544,,44,,2023-02-13
C02545,F,35,Bangalore,2023-04-15
C02546,Female,74,Chennai,2023-06-09
C02547,Male,77,Mumbai,2023-06-03
C02548,male,56,Hyderabad,2023-08-30
C02549,Female,65,Chennai,2023-06-30
C02550,male,78,,2023-01-14
C02551,F,70,Chennai,2023-06-29
C02552,,55,,2023-10-19
C02553,Female,46,,2023-09-21
C02554,Female,29,,2023-06-17
C02555,F,76,Bangalore,2023-08-02
C02556,Male,41,Mumbai,2023-05-30
C02557,,42,Chennai,2023-01-16
C02558,Female,78,Mumbai,2023-04-01
C02559,,73,Hyderabad,2023-04-30
C02560,Female,72,Chennai,2023-09-10
C02561,,16,Mumbai,2023-03-01
C02562,male,50,Mumbai,2023-09-23
C02563,Female,27,Hyderabad,2023-01-31
C02564,,29,,2023-01-21
C02565,Male,74,Chennai,2023-08-07
C02566,male,36,Chennai,2023-03-22
C02567,male,77,Hyderabad,2023-10-16
C02568,Male,39,,2023-01-31
C02569,,62,Chennai,2023-08-22
C02570,F,57,Chennai,2023-02-05
C02571,Male,52,Chennai,2023-05-12
C02572,,55,,2023-11-20
C02573,Male,59,Hyderabad,2023-12-12
C02574,Male,54,Chennai,2023-05-12
C02575,Female,31,Mumbai,2023-01-09
C02576,,71,,2023-01-30
C02577,F,16,Bangalore,2023-04-25
C02578,Female,76,Hyderabad,2023-10-28
C02579,Male,23,Mumbai,2023-01-04
C02580,Male,31,Chennai,2023-11-21
C02581,Male,64,Bangalore,2023-08-25
C02582,,54,Hyderabad,2023-01-23
C02583,,72,,2023-01-16
C02584,Female,35,Bangalore,2023-01-22
C02585,F,32,Bangalore,2023-03-13
C02586,Female,69,Mumbai,2023-10-31
C02587,male,43,Hyderabad,2023-08-18
C02588,Male,38,Mumbai,2023-04-17
C02589,Male,31,Mumbai,2023-07-27
C02590,Male,32,Chennai,2023-07-27
C02591,Female,56,,2023-09-20
C02592,Female,59,Bangalore,2023-02-20
C02593,Male,31,Hyderabad,2023-03-06
C02594,Female,28,,2023-09-22
C02595,,63,,2023-12-04
C02596,,43,Hyderabad,2023-10-28
C02597,Female,18,,2023-06-24
C02598,Male,34,Chennai,2023-06-01
C02599,Female,61,,2023-09-23
C02600,Female,23,Chennai,2023-11-25
C02601,Female,41,Bangalore,2023-10-31
C02602,male,29,Bangalore,2023-06-12
C02603,,33,Mumbai,2023-12-09
C02604,F,66,Chennai,2023-08-26
C02605,F,40,Bangalore,2023-07-18
C02606,male,40,,2023-01-16
C02607,Female,40,Hyderabad,2023-11-05
C02608,male,60,Hyderabad,2023-10-23
C02609,male,63,Chennai,2023-12-22
C02610,Male,67,Mumbai,2023-10-03
C02611,,17,,2023-08-27
C02612,F,56,Chennai,2023-03-10
C02613,Female,33,Hyderabad,2023-10-28
C02614,F,31,Chennai,2023-01-06
C02615,F,47,,2023-08-08
C02616,,63,Bangalore,2023-09-11
C02617,F,70,,2023-10-22
C02618,F,77,Bangalore,2023-12-24
C02619,male,17,Bangalore,2023-04-17
C02620,,63,Bangalore,2023-10-22
C02621,Male,69,Chennai,2023-04-28
C02622,Female,40,Hyderabad,2023-06-17
C02623,F,66,Chennai,2023-09-08
C02624,Female,21,Hyderabad,2023-03-23
C02625,Male,60,,2023-02-23
C02626,Female,60,Mumbai,2023-08-28
C02627,Male,30,,2023-01-12
C02628,male,38,Chennai,2023-07-28
C02629,F,75,Chennai,2023-06-14
C02630,Male,68,Hyderabad,2023-10-21
C02631,Female,76,Chennai,2023-01-07
C02632,F,15,Bangalore,2023-03-19
C02633,male,63,Chennai,2023-03-06
C02634,F,39,Hyderabad,2023-04-12
C02635,Male,24,Hyderabad,2023-12-23
C02636,male,30,Bangalore,2023-10-27
C02637,Female,72,Hyderabad,2023-10-14
C02638,male,43,Mumbai,2023-06-20
C02639,male,20,,2023-03-18
C02640,,30,Chennai,2023-02-17
C02641,male,34,Mumbai,2023-09-12
C02642,male,57,Chennai,2023-03-23
C02643,F,40,Mumbai,2023-07-28
C02644,Female,47,Chennai,2023-07-28
C02645,F,40,Bangalore,2023-03-25
C02646,F,59,Hyderabad,2023-01-10
C02647,Male,77,Hyderabad,2023-01-29
C02648,F,66,Bangalore,2023-10-31
C02649,,40,Mumbai,2023-04-26
C02650,,16,,2023-09-26
C02651,Male,28,Mumbai,2023-02-16
C02652,Female,44,Hyderabad,2023-12-25
C02653,Female,63,,2023-04-01
C02654,F,26,Chennai,2023-02-22
C02655,F,58,,2023-08-06
C02656,F,47,Mumbai,2023-12-14
C02657,Female,27,Bangalore,2023-03-18
C02658,male,40,Chennai,2023-07-23
C02659,,35,Mumbai,2023-02-13
C02660,male,42,Chennai,2023-06-05
C02661,male,62,,2023-01-02
C02662,Female,54,Hyderabad,2023-12-23
C02663,male,37,Mumbai,2023-11-09
C02664,Male,62,Bangalore,2023-02-26
C02665,F,16,,2023-10-17
C02666,Male,34,Mumbai,2023-02-27
C02667,,73,Bangalore,2023-09-11
C02668,F,60,Mumbai,2023-06-29
C02669,male,17,,2023-06-06
C02670,,69,Mumbai,2023-02-04
C02671,F,26,Chennai,2023-03-16
C02672,male,54,,2023-10-16
C02673,Male,30,Mumbai,2023-03-16
C02674,F,48,Hyderabad,2023-11-25
C02675,male,58,Mumbai,2023-03-19
C02676,Male,20,Chennai,2023-09-12
C02677,,78,Bangalore,2023-09-22
C02678,,36,Bangalore,2023-10-31
C02679,,32,Bangalore,2023-03-08
C02680,,26,Hyderabad,2023-08-09
C02681,Female,66,Chennai,2023-06-13
C02682,F,65,,2023-08-08
C02683,F,62,Bangalore,2023-06-21
C02684,Female,33,Chennai,2023-09-11
C02685,male,20,Mumbai,2023-07-29
C02686,male,41,Hyderabad,2023-07-07
C02687,,67,Chennai,2023-07-10
C02688,Male,62,Chennai,2023-08-03
C02689,male,21,,2023-03-27
C02690,Male,73,Chennai,2023-04-16
C02691,F,25,,2023-11-28
C02692,Male,29,Hyderabad,2023-10-23
C02693,F,78,Hyderabad,2023-01-19
C02694,Female,17,Mumbai,2023-02-16
C02695,Female,37,,2023-03-06
C02696,,67,,2023-05-26
C02697,male,51,Bangalore,2023-10-13
C02698,,23,Bangalore,2023-03-07
C02699,F,29,Mumbai,2023-01-05
C02700,,17,Hyderabad,2023-04-03
C02701,Male,31,Bangalore,2023-12-19
C02702,F,40,Chennai,2023-04-04
C02703,Female,35,Hyderabad,2023-04-16
C02704,male,35,Chennai,2023-05-13
C02705,F,25,,2023-12-07
C02706,F,52,Hyderabad,2023-11-10
C02707,Male,49,Mumbai,2023-03-20
C02708,male,28,,2023-07-31
C02709,Female,28,,2023-01-08
C02710,F,24,Chennai,2023-06-08
C02711,F,26,,2023-09-25
C02712,Male,52,Bangalore,2023-05-29
C02713,,48,Hyderabad,2023-12-16
C02714,Female,55,Bangalore,2023-04-01
C02715,male,24,Chennai,2023-08-24
C02716,F,31,Chennai,2023-10-16
C02717,F,31,Hyderabad,2023-12-22
C02718,Female,76,,2023-06-17
C02719,,15,Mumbai,2023-07-12
C02720,F,26,Chennai,2023-07-06
C02721,Female,18,Hyderabad,2023-09-28
C02722,Male,56,Mumbai,2023-04-24
C02723,,27,,2023-01-11
C02724,male,18,Chennai,2023-02-24
C02725,F,33,Hyderabad,2023-09-15
C02726,Female,16,Hyderabad,2023-03-06
C02727,Male,26,Hyderabad,2023-06-21
C02728,male,20,Chennai,2023-09-29
C02729,Female,22,Mumbai,2023-05-30
C02730,Female,65,Hyderabad,2023-12-28
C02731,male,25,,2023-05-26
C02732,Male,77,Hyderabad,2023-07-28
C02733,Male,71,Mumbai,2023-10-13
C02734,,26,Chennai,2023-01-10
C02735,F,16,Hyderabad,2023-08-15
C02736,male,22,Hyderabad,2023-07-05
C02737,male,25,,2023-03-03
C02738,male,67,,2023-03-26
C02739,Male,24,Hyderabad,2023-05-14
C02740,F,22,Hyderabad,2023-11-19
C02741,,50,,2023-10-24
C02742,Female,28,Mumbai,2023-06-20
C02743,Female,68,Bangalore,2023-08-01
C02744,male,35,Bangalore,2023-01-18
C02745,F,64,Hyderabad,2023-11-10
C02746,Male,53,,2023-03-01
C02747,F,34,Chennai,2023-03-29
C02748,F,21,Chennai,2023-01-27
C02749,Male,23,Bangalore,2023-03-09
C02750,male,15,Mumbai,2023-10-05
C02751,F,40,Bangalore,2023-02-09
C02752,Female,52,Hyderabad,2023-04-19
C02753,Male,52,Mumbai,2023-03-15
C02754,,75,Chennai,2023-03-07
C02755,male,58,,2023-06-17
C02756,Male,58,,2023-09-19
C02757,,76,Hyderabad,2023-10-01
C02758,,20,Bangalore,2023-12-03
C02759,F,31,Hyderabad,2023-12-24
C02760,F,65,,2023-08-25
C02761,F,52,Chennai,2023-08-03
C02762,Male,38,,2023-10-13
C02763,Male,65,Mumbai,2023-05-29
C02764,male,24,,2023-11-14
C02765,F,35,,2023-04-17
C02766,,71,Mumbai,2023-05-21
C02767,Female,53,Bangalore,2023-03-17
C02768,male,47,,2023-01-09
C02769,Male,73,Hyderabad,2023-07-15
C02770,male,32,,2023-10-22
C02771,male,70,Hyderabad,2023-10-07
C02772,male,71,Mumbai,2023-04-28
C02773,male,62,,2023-10-17
C02774,Female,56,Mumbai,2023-03-02
C02775,F,41,Mumbai,2023-12-01
C02776,,66,Bangalore,2023-11-02
C02777,male,56,,2023-02-20
C02778,male,46,Hyderabad,2023-02-21
C02779,male,40,Hyderabad,2023-05-02
C02780,F,39,,2023-06-16
C02781,Male,37,Bangalore,2023-01-08
C02782,Male,71,Bangalore,2023-02-14
C02783,Female,66,Bangalore,2023-12-10
C02784,Male,45,Hyderabad,2023-09-02
C02785,male,78,Mumbai,2023-10-11
C02786,male,47,Bangalore,2023-04-17
C02787,male,16,Hyderabad,2023-01-27
C02788,Female,32,Hyderabad,2023-07-12
C02789,male,61,Mumbai,2023-12-03
C02790,Male,47,,2023-12-23
C02791,F,49,,2023-03-03
C02792,F,65,Bangalore,2023-03-03
C02793,,32,Bangalore,2023-10-09
C02794,Male,44,Mumbai,2023-05-01
C02795,male,58,Bangalore,2023-10-07
C02796,F,67,Mumbai,2023-02-08
C02797,Male,24,Hyderabad,2023-10-04
C02798,F,66,Bangalore,2023-04-04
C02799,male,63,Hyderabad,2023-04-25
C02800,F,25,Chennai,2023-06-25
C02801,,72,Mumbai,2023-05-01
C02802,,50,Chennai,2023-01-13
C02803,F,47,Bangalore,2023-06-12
C02804,Male,61,Hyderabad,2023-10-02
C02805,Male,27,Bangalore,2023-06-25
C02806,Male,54,Chennai,2023-12-03
C02807,F,56,Bangalore,2023-11-20
C02808,Male,33,,2023-06-22
C02809,male,33,Chennai,2023-10-02
C02810,,72,Bangalore,2023-03-05
C02811,male,37,Hyderabad,2023-04-11
C02812,Male,68,Bangalore,2023-11-18
C02813,male,79,Hyderabad,2023-03-07
C02814,Male,26,,2023-11-27
C02815,F,38,Bangalore,2023-02-14
C02816,male,48,,2023-03-28
C02817,F,67,Chennai,2023-03-08
C02818,F,22,Hyderabad,2023-09-16
C02819,Female,32,Chennai,2023-07-24
C02820,Male,71,Hyderabad,2023-06-27
C02821,,19,,2023-10-07
C02822,Male,40,Mumbai,2023-12-10
C02823,,44,Bangalore,2023-01-17
C02824,Male,68,,2023-10-23
C02825,F,27,Hyderabad,2023-07-21
C02826,male,43,Hyderabad,2023-06-21
C02827,male,17,Hyderabad,2023-09-19
C02828,Female,72,Hyderabad,2023-07-13
C02829,,16,Bangalore,2023-05-29
C02830,,42,Chennai,2023-02-04
C02831,,16,Mumbai,2023-01-29
C02832,F,21,Bangalore,2023-09-20
C02833,,40,Hyderabad,2023-08-09
C02834,male,30,Bangalore,2023-02-22
C02835,F,37,,2023-10-06
C02836,Male,54,Hyderabad,2023-12-19
C02837,,74,Mumbai,2023-03-17
C02838,,46,Hyderabad,2023-06-25
C02839,Male,29,Mumbai,2023-01-10
C02840,,27,Mumbai,2023-04-27
C02841,Male,19,Chennai,2023-10-07
C02842,F,66,Chennai,2023-08-06
C02843,male,55,Bangalore,2023-06-24
C02844,Male,67,Bangalore,2023-08-22
C02845,Female,64,Mumbai,2023-09-09
C02846,Male,29,Hyderabad,2023-10-22
C02847,,21,,2023-11-18
C02848,F,54,,2023-01-06
C02849,F,42,Hyderabad,2023-01-21
C02850,Male,46,Hyderabad,2023-03-14
C02851,male,29,Chennai,2023-11-26
C02852,Female,79,,2023-02-05
C02853,F,18,Mumbai,2023-08-21
C02854,,25,Bangalore,2023-08-04
C02855,,40,Chennai,2023-07-25
C02856,male,75,,2023-02-13
C02857,F,51,Hyderabad,2023-04-01
C02858,Male,37,,2023-11-12
C02859,,54,Mumbai,2023-04-03
C02860,male,37,Chennai,2023-12-05
C02861,F,30,Hyderabad,2023-03-24
C02862,F,75,Mumbai,2023-11-29
C02863,F,45,Bangalore,2023-10-09
C02864,F,67,Chennai,2023-01-21
C02865,F,39,Mumbai,2023-08-16
C02866,,58,Mumbai,2023-05-10
C02867,male,26,Hyderabad,2023-06-24
C02868,F,23,Bangalore,2023-04-18
C02869,Female,26,Mumbai,2023-10-10
C02870,Female,68,Chennai,2023-03-12
C02871,male,68,Mumbai,2023-02-19
C02872,Male,42,,2023-04-05
C02873,Male,70,Chennai,2023-10-06
C02874,Male,72,Chennai,2023-12-03
C02875,Female,56,Mumbai,2023-05-12
C02876,Male,52,Hyderabad,2023-10-03
C02877,,67,Chennai,2023-01-13
C02878,F,47,,2023-01-03
C02879,Female,70,Hyderabad,2023-08-12
C02880,male,65,Hyderabad,2023-06-24
C02881,male,57,Hyderabad,2023-03-31
C02882,F,29,Chennai,2023-08-29
C02883,Female,52,Hyderabad,2023-02-04
C02884,Male,29,Mumbai,2023-01-14
C02885,Male,19,Hyderabad,2023-07-14
C02886,,68,,2023-11-02
C02887,,65,Bangalore,2023-11-30
C02888,Male,24,,2023-08-01
C02889,male,26,Chennai,2023-01-03
C02890,male,18,Hyderabad,2023-06-28
C02891,,32,Hyderabad,2023-02-09
C02892,F,50,Mumbai,2023-06-13
C02893,Male,39,Hyderabad,2023-11-03
C02894,,50,,2023-08-23
C02895,,23,Chennai,2023-09-14
C02896,Male,75,Bangalore,2023-12-26
C02897,Male,67,Hyderabad,2023-04-26
C02898,male,32,Bangalore,2023-02-21
C02899,F,57,Hyderabad,2023-05-22
C02900,F,49,Chennai,2023-03-27
C02901,Male,77,,2023-02-15
C02902,Female,18,Chennai,2023-11-28
C02903,,55,Bangalore,2023-08-26
C02904,,59,Hyderabad,2023-01-10
C02905,Male,64,Bangalore,2023-06-01
C02906,Female,42,,2023-03-02
C02907,male,56,Chennai,2023-01-18
C02908,Male,15,Bangalore,2023-03-27
C02909,Male,53,Bangalore,2023-05-17
C02910,,31,,2023-08-18
C02911,Male,49,Hyderabad,2023-05-08
C02912,Male,60,Bangalore,2023-04-14
C02913,Male,56,,2023-07-05
C02914,,53,Hyderabad,2023-06-27
C02915,male,63,Hyderabad,2023-12-23
C02916,male,76,Chennai,2023-01-06
C02917,Male,52,,2023-12-07
C02918,,37,Hyderabad,2023-11-03
C02919,male,36,Chennai,2023-02-05
C02920,male,18,Mumbai,2023-11-23
C02921,male,63,,2023-12-22
C02922,,73,Mumbai,2023-10-08
C02923,,16,Hyderabad,2023-10-27
C02924,Male,63,,2023-01-14
C02925,F,45,Chennai,2023-08-25
C02926,male,54,Hyderabad,2023-10-12
C02927,F,62,,2023-11-26
C02928,,65,,2023-02-19
C02929,,57,Mumbai,2023-09-18
C02930,,69,Hyderabad,2023-04-20
C02931,F,63,Chennai,2023-07-16
C02932,,71,Chennai,2023-09-09
C02933,Male,29,Hyderabad,2023-03-29
C02934,,41,Hyderabad,2023-11-09
C02935,Female,78,Bangalore,2023-01-26
C02936,F,44,Mumbai,2023-09-19
C02937,Female,50,Hyderabad,2023-05-24
C02938,,63,Hyderabad,2023-03-01
C02939,Male,69,Bangalore,2023-12-22
C02940,male,70,Bangalore,2023-09-25
C02941,,58,,2023-03-16
C02942,Male,45,Chennai,2023-01-03
C02943,F,72,Mumbai,2023-03-04
C02944,Female,67,,2023-08-24
C02945,Female,37,Hyderabad,2023-08-17
C02946,Female,42,Bangalore,2023-10-02
C02947,F,30,Chennai,2023-01-18
C02948,Male,51,,2023-03-21
C02949,F,35,Chennai,2023-08-03
C02950,Female,31,Bangalore,2023-06-20
C02951,,51,,2023-11-25
C02952,male,33,,2023-09-12
C02953,F,44,Chennai,2023-05-06
C02954,F,59,Bangalore,2023-09-12
C02955,Male,32,Hyderabad,2023-03-13
C02956,Male,76,,2023-02-07
C02957,F,50,Hyderabad,2023-11-20
C02958,Female,66,Bangalore,2023-07-23
C02959,male,33,,2023-06-21
C02960,Male,58,,2023-08-11
C02961,Female,21,Hyderabad,2023-08-05
C02962,,58,Mumbai,2023-09-02
C02963,Male,48,Hyderabad,2023-12-02
C02964,Female,69,Hyderabad,2023-07-10
C02965,Female,24,Mumbai,2023-10-25
C02966,male,56,Bangalore,2023-11-16
C02967,male,55,Bangalore,2023-07-01
C02968,,24,,2023-11-30
C02969,Female,24,Chennai,2023-07-24
C02970,Female,74,Chennai,2023-12-27
C02971,male,65,,2023-07-18
C02972,Male,35,Chennai,2023-11-28
C02973,Male,22,Hyderabad,2023-06-14
C02974,F,79,Hyderabad,2023-08-30
C02975,male,44,Mumbai,2023-05-10
C02976,F,63,Mumbai,2023-08-15
C02977,male,23,,2023-05-02
C02978,,31,,2023-02-13
C02979,Female,72,,2023-07-15
C02980,,71,Hyderabad,2023-12-24
C02981,male,76,Chennai,2023-07-23
C02982,Female,66,,2023-11-14
C02983,Male,75,,2023-09-14
C02984,Male,54,Hyderabad,2023-01-17
C02985,F,52,Hyderabad,2023-09-29
C02986,male,57,Hyderabad,2023-01-09
C02987,male,77,Chennai,2023-09-06
C02988,Male,33,,2023-07-20
C02989,,64,Bangalore,2023-02-28
C02990,Female,47,Bangalore,2023-05-20
C02991,,27,,2023-04-29
C02992,,76,,2023-02-10
C02993,Male,57,,2023-11-18
C02994,Male,63,,2023-11-27
C02995,Male,50,Chennai,2023-09-24
C02996,F,24,Bangalore,2023-01-08
C02997,,20,Mumbai,2023-07-02
C02998,male,71,Bangalore,2023-05-14
C02999,Female,15,Bangalore,2023-06-30
C03000,F,72,Hyderabad,2023-12-21
C02304,Male,17,,2023-09-05
C00123,,37,Mumbai,2023-01-15
C01390,F,77,Mumbai,2023-07-18
C00782,Male,77,Chennai,2023-02-28
C00206,male,67,Hyderabad,2023-12-19
C02169,male,35,Mumbai,2023-03-14
C01668,,30,Bangalore,2023-10-01
C01811,Female,31,,2023-12-22
C00769,,54,Chennai,2023-08-27
C01270,,73,Mumbai,2023-12-29
C01930,,67,,2023-01-06
C00054,,65,Bangalore,2023-11-26
C00057,F,73,Hyderabad,2023-06-14
C02251,Male,70,Mumbai,2023-08-28
C00921,male,30,,2023-03-30
C01351,,31,,2023-03-01
C02374,male,30,Bangalore,2023-04-28
C01928,male,65,Mumbai,2023-09-26
C02370,male,70,Bangalore,2023-11-18
C01430,Female,66,Hyderabad,2023-03-08
C02329,Female,47,Bangalore,2023-10-04
C00980,male,58,Bangalore,2023-09-06
C01540,F,51,Chennai,2023-06-24
C00041,F,70,Chennai,2023-12-05
C01945,Female,74,Bangalore,2023-09-05
C00188,Male,59,Mumbai,2023-11-21
C02464,F,70,Bangalore,2023-03-08
C00060,Female,56,Mumbai,2023-03-11
C00892,,64,Chennai,2023-12-25
C00538,male,63,Bangalore,2023-11-20
C02470,Male,49,Bangalore,2023-04-11
C02083,,57,,2023-09-10
C01594,F,37,Mumbai,2023-11-05
C02179,Male,55,,2023-01-13
C02180,male,20,Mumbai,2023-03-10
C02751,F,40,Bangalore,2023-02-09
C00277,,61,,2023-12-30
C02474,male,79,Hyderabad,2023-04-01
C01721,F,40,Bangalore,2023-11-28
C00666,Male,28,Bangalore,2023-03-30
C02770,male,32,,2023-10-22
C00355,Female,67,,2023-03-08
C02861,F,30,Hyderabad,2023-03-24
C00164,Male,79,Bangalore,2023-07-30
C00716,F,40,Hyderabad,2023-08-23
C00787,Female,65,Hyderabad,2023-06-29
C00218,F,39,Chennai,2023-03-17
C02983,Male,75,,2023-09-14
C01432,,39,Mumbai,2023-02-24
C00395,,40,Bangalore,2023-11-23
